"Tweet Id","Media Id","Media URL","Tweet URL"
"""1435324756778110976""","""1435324749232500737""",https://pbs.twimg.com/media/E-tMQTdUcAEQtSW.jpg,https://t.co/0qofrLFcxi
"""1435318791290830848""","""1435318784747737088""",https://pbs.twimg.com/media/E-tG1IBVkAAZYbG.jpg,https://t.co/PXEyn8oxrv
"""1435285637536518151""","""1435267809358057473""",https://pbs.twimg.com/media/E-sYd95XEAEJwBi.jpg,https://t.co/h4YQAbQBQP
"""1435084590050283528""","""1435084581556736005""",https://pbs.twimg.com/media/E-px0tJUUAU1v8e.jpg,https://t.co/1meFJmgkVP
"""1435034625097752578""","""1435034620022636551""",https://pbs.twimg.com/media/E-pEYj7WQAcEgPi.jpg,https://t.co/ojxqezG83Y
"""1435033193736966150""","""1435022702541094913""",https://pbs.twimg.com/media/E-o5i32VQAEkAmf.jpg,https://t.co/imhSYpBbXY
"""1434994520186253315""","""1434994509205499908""",https://pbs.twimg.com/media/E-of5zfUcAQL4ew.jpg,https://t.co/BVaOcH7YEK
"""1434977012477792258""","""1434970401935790080""",https://pbs.twimg.com/media/E-oJ-k6VEAAnsUK.jpg,https://t.co/6TcKelgPis
"""1434977012477792258""","""1434970402489397252""",https://pbs.twimg.com/media/E-oJ-m-UcAQBRYq.jpg,https://t.co/6TcKelgPis
"""1434977012477792258""","""1434970402720129025""",https://pbs.twimg.com/media/E-oJ-n1VIAEK9AA.jpg,https://t.co/6TcKelgPis
"""1434977012477792258""","""1434970403047235586""",https://pbs.twimg.com/media/E-oJ-pDUYAIo1Hz.jpg,https://t.co/6TcKelgPis
"""1434976979330142224""","""1434976188410195974""",https://pbs.twimg.com/media/E-oPPZNVcAYbeKI.jpg,https://t.co/6Bb6Eb84rZ
"""1434961068334460929""","""1434961063200632838""",https://pbs.twimg.com/media/E-oBe_aXMAYUVn6.jpg,https://t.co/lx3nIbigdQ
"""1434931952293908487""","""1434931946753302531""",https://pbs.twimg.com/media/E-nnAMMXIAMMz7s.jpg,https://t.co/pQk7qcIwHa
"""1434912362767650816""","""1434912353959567364""",https://pbs.twimg.com/media/E-nVLvWUYAQUJOf.jpg,https://t.co/4XBTibcAgx
"""1434891605383675905""","""1434891599498989574""",https://pbs.twimg.com/media/E-nCTq9UUAYE9uv.jpg,https://t.co/alBWP8sT0T
"""1434756186507595779""","""1434756179964481537""",https://pbs.twimg.com/media/E-lHJN4UUAE1jFb.jpg,https://t.co/Z6M6SonHyK
"""1434735203986071554""","""1434735194469289993""",https://pbs.twimg.com/media/E-k0Ds0X0AkIurP.jpg,https://t.co/iDocN2a4Gm
"""1434651277166882816""","""1434651272553054213""",https://pbs.twimg.com/media/E-jnuzUWQAUHmDY.jpg,https://t.co/dm83Q6186x
"""1434646173374107648""","""1434646167296557062""",https://pbs.twimg.com/media/E-jjFowWQAYwIBf.jpg,https://t.co/S5EvDvzIlh
"""1434645186966130690""","""1434645178560753665""",https://pbs.twimg.com/media/E-jiMFbXMAE1ofr.jpg,https://t.co/xLvjGrtqAJ
"""1434558573707661319""","""1434558564203442179""",https://pbs.twimg.com/media/E-iTadzXMAM3tw-.jpg,https://t.co/mz6yMUUIC8
"""1434360963847933954""","""1434360952275841029""",https://pbs.twimg.com/media/E-ffr8AXsAUV4Vy.jpg,https://t.co/BsjypRxh56
"""1434360963847933954""","""1434360952267362305""",https://pbs.twimg.com/media/E-ffr7-WUAEFUVS.jpg,https://t.co/BsjypRxh56
"""1434360963847933954""","""1434360952263163904""",https://pbs.twimg.com/media/E-ffr79WQAACesv.jpg,https://t.co/BsjypRxh56
"""1434285885437071360""","""1434285876918448130""",https://pbs.twimg.com/media/E-ebZ-gVcAI9w6P.jpg,https://t.co/GLgm570FwL
"""1434285863102386178""","""1434285855284154369""",https://pbs.twimg.com/media/E-ebYt6UUAEeGiz.jpg,https://t.co/93ObwlxqJo
"""1434269370524393472""","""1434269368058142726""",https://pbs.twimg.com/media/E-eMZCNUYAYpGvh.jpg,https://t.co/XBorFN2jJH
"""1434171625008603137""","""1434171611150618632""",https://pbs.twimg.com/media/E-cze1WVEAg114E.jpg,https://t.co/xbQxVa6tYX
"""1434171265464504328""","""1434171252910944268""",https://pbs.twimg.com/media/E-czJ-zVcAw5gIh.jpg,https://t.co/3PuNtjc8Ep
"""1434170941932666884""","""1434170926933823493""",https://pbs.twimg.com/media/E-cy3AcVUAU8GG_.jpg,https://t.co/ITXSPMHe37
"""1433928008537096192""","""1433927835408732161""",https://pbs.twimg.com/media/E-ZVxN8VEAEomVM.jpg,https://t.co/XncfH6eSX0
"""1433873317417660430""","""1433839003762003969""",https://pbs.twimg.com/media/E-YE-iRVkAEPvnr.jpg,https://t.co/kQrtf7YqB4
"""1433846401675321344""","""1433846389792919561""",https://pbs.twimg.com/media/E-YLsdYVUAk2lOf.jpg,https://t.co/pDgx0LcDOa
"""1433614494421245952""","""1433614490382209034""",https://pbs.twimg.com/media/E-U4yIwVkAocRjS.jpg,https://t.co/1HbLcRaGVC
"""1433509496765091850""","""1433509492256215056""",https://pbs.twimg.com/media/E-TZScQVEBAMkRH.jpg,https://t.co/n1dYkFaX4E
"""1433273033167237120""","""1433273028289331200""",https://pbs.twimg.com/media/E-QCObVVgAAE7Tn.jpg,https://t.co/l2nqNqk4Bk
"""1433254058119204874""","""1433254049302732805""",https://pbs.twimg.com/media/E-Pw9tGUYAUnni0.jpg,https://t.co/JA8jJuNveM
"""1433220111981105152""","""1433220108403425283""",https://pbs.twimg.com/media/E-PSGFZVQAMdXq5.jpg,https://t.co/SbflXnbW5g
"""1433219717121167360""","""1433186539907940357""",https://pbs.twimg.com/media/E-OzkJAVgAUek1O.jpg,https://t.co/XxoZMorosw
"""1433211030801321986""","""1433211026099474434""",https://pbs.twimg.com/media/E-PJ1bLVEAIrIkH.jpg,https://t.co/IwWg1pHRck
"""1433205779247484930""","""1433201512516243456""",https://pbs.twimg.com/media/E-PBLqUVUAAfATM.jpg,https://t.co/rukr6Reu0h
"""1433202901023739913""","""1433202894136700934""",https://pbs.twimg.com/media/E-PCcFQUcAYPa6w.jpg,https://t.co/zqpknhq1pr
"""1433195143809495043""","""1433195132203925506""",https://pbs.twimg.com/media/E-O7YRzVgAIDril.jpg,https://t.co/HF6XPbjsyV
"""1432890053060038658""","""1432890050736316420""",https://pbs.twimg.com/media/E-Kl6MxUYAQ2StV.jpg,https://t.co/rE1KXPe1Lt
"""1432666007764488192""","""1432666003889000448""",https://pbs.twimg.com/media/E-HaI9OVEAAm9yw.jpg,https://t.co/7U7rPiIae6
"""1432665317927362564""","""1432665311484911616""",https://pbs.twimg.com/media/E-HZgp0VIAAKLC4.jpg,https://t.co/VG2LrI2Mtd
"""1432664612931977223""","""1432664604627255304""",https://pbs.twimg.com/media/E-HY3gkVQAgoX6W.jpg,https://t.co/T3158PjWCg
"""1432664019194630147""","""1432664014442536974""",https://pbs.twimg.com/media/E-HYVJ9VIA4_4ng.jpg,https://t.co/Mkm8Dlxtu2
"""1432662093438677002""","""1432662086186778627""",https://pbs.twimg.com/media/E-HWk6pVQAMV9ad.jpg,https://t.co/db5264CATe
"""1432662093438677002""","""1432662086182526978""",https://pbs.twimg.com/media/E-HWk6oUYAInX8b.jpg,https://t.co/db5264CATe
"""1432652460166836226""","""1432652456895254533""",https://pbs.twimg.com/media/E-HN0avVEAUgekU.jpg,https://t.co/aA11dzOVwX
"""1432571383137984512""","""1432571333280370689""",https://pbs.twimg.com/media/E-GECZuVkAEg5YH.jpg,https://t.co/j0K8ZNQCsF
"""1432555956198522886""","""1432555921410981889""",https://pbs.twimg.com/media/E-F2BUCVgAEt2Of.jpg,https://t.co/FCrHnwRk8e
"""1432555956198522886""","""1432555921415102475""",https://pbs.twimg.com/media/E-F2BUDUYAs6kvV.jpg,https://t.co/FCrHnwRk8e
"""1432554924810719233""","""1432554913553211396""",https://pbs.twimg.com/media/E-F1GpeUYAQKrAM.jpg,https://t.co/9ueBOrufUv
"""1432451102683779073""","""1432450300875612166""",https://pbs.twimg.com/media/E-EV9Y4XoAYsS_2.jpg,https://t.co/tamx24soqw
"""1432352154686164993""","""1432352150709891075""",https://pbs.twimg.com/media/E-C8sTBUcAM244t.jpg,https://t.co/iZiZHRrdYI
"""1432191948719230978""","""1432191937671352327""",https://pbs.twimg.com/media/E-Aq-q8UUAc_SUr.jpg,https://t.co/2BHvKi2jpJ
"""1432181398689943556""","""1431695797675040770""",https://pbs.twimg.com/media/E95nvhbXIAIcbLM.jpg,https://t.co/YQHUPAwes2
"""1432181398689943556""","""1431695797666689029""",https://pbs.twimg.com/media/E95nvhZXsAUCq0v.jpg,https://t.co/YQHUPAwes2
"""1432180154512646156""","""1432180147906494467""",https://pbs.twimg.com/media/E-AgQapVQAMxKNt.jpg,https://t.co/r9sPmtBdVX
"""1432169410907697152""","""1431630797568712704""",https://pbs.twimg.com/media/E94soBKXoAAkcfA.jpg,https://t.co/bLEfUg5iVe
"""1432135627319828484""","""1431478780934111236""",https://pbs.twimg.com/media/E92iXfEWQAQJitb.jpg,https://t.co/ffdr7VtRTC
"""1432100666336432128""","""1432100660854411267""",https://pbs.twimg.com/media/E9_X9qTUUAMjmnB.jpg,https://t.co/QKmFokBSPu
"""1432099778305744897""","""1432099771976609796""",https://pbs.twimg.com/media/E9_XJ6-VcAQkqQy.jpg,https://t.co/HSQXi9yf4s
"""1432098795848814593""","""1432098787900542978""",https://pbs.twimg.com/media/E9_WQpAUUAI40EE.jpg,https://t.co/Zb19U3bCLL
"""1432083334859931650""","""1432083320452513795""",https://pbs.twimg.com/media/E9_IMURVgAMg1eP.jpg,https://t.co/2gZOkc9IAl
"""1432081679766622210""","""1432081663006101505""",https://pbs.twimg.com/media/E9_Gr1zUUAEhvaa.jpg,https://t.co/qMc7g8XvFs
"""1431839016068870147""","""1431839009475424256""",https://pbs.twimg.com/media/E97p_i9UcAAE7sh.jpg,https://t.co/P3Vcc0hoXf
"""1431815662943420419""","""1431815648301117441""",https://pbs.twimg.com/media/E97UvvzVcAELVQu.jpg,https://t.co/icPs8nB1rV
"""1431801760629231617""","""1431801742954430466""",https://pbs.twimg.com/media/E97IGWWVgAI4YVP.jpg,https://t.co/qUDa75TvYd
"""1431756499538169857""","""1431756489719377920""",https://pbs.twimg.com/media/E96e8Q6VcAAIXAg.jpg,https://t.co/Ga7nuNwsqH
"""1431755447602593798""","""1431755443894775813""",https://pbs.twimg.com/media/E96d_Y6UcAUH3_z.jpg,https://t.co/wfDADdoiA7
"""1431745094932045825""","""1431745091270373376""",https://pbs.twimg.com/media/E96UkyYUcAAWfrJ.jpg,https://t.co/e1ybJREHT6
"""1431701871165526020""","""1431701867487059969""",https://pbs.twimg.com/media/E95tQ1PUYAE8Fd3.jpg,https://t.co/jtnxqf8SYH
"""1431638476760379395""","""1431638465993527296""",https://pbs.twimg.com/media/E94zmYRUUAAA5rU.jpg,https://t.co/8yGLb6svcX
"""1431628928498630658""","""1431628901399220226""",https://pbs.twimg.com/media/E94q5pYVUAIoJc7.jpg,https://t.co/sqvTLjdtz1
"""1431419379900510208""","""1431419358991958016""",https://pbs.twimg.com/media/E91sUrFVQAAqq1U.jpg,https://t.co/a43G8EfJ2v
"""1431384904755920897""","""1431297431501565954""",https://pbs.twimg.com/media/E9z9bjyUcAIBkwu.png,https://t.co/gG4xp2gr9e
"""1431305572360458240""","""1431305566492651521""",https://pbs.twimg.com/media/E90E1E_VcAEYAIh.jpg,https://t.co/c98hG3u5FK
"""1431300385143091202""","""1431300379178790921""",https://pbs.twimg.com/media/E90AHIvVcAk0n2t.jpg,https://t.co/x57NTqa8Er
"""1431089451816476676""","""1431089445155999747""",https://pbs.twimg.com/media/E9xARKRVkAMEdN3.jpg,https://t.co/fxATzRaUKt
"""1431081715477336068""","""1431081711484342283""",https://pbs.twimg.com/media/E9w5PAGVEAsqCOw.jpg,https://t.co/yZg1v8Xp1G
"""1431013240209694720""","""1431013232752295938""",https://pbs.twimg.com/media/E9v69A8VgAIyMR0.jpg,https://t.co/eEBkD4tZ7K
"""1430957190471315457""","""1430957187124191235""",https://pbs.twimg.com/media/E9vH-utUYAMWT2V.jpg,https://t.co/UlYFpe0fRE
"""1430957190471315457""","""1430957187208122369""",https://pbs.twimg.com/media/E9vH-vBVEAEfcZ5.jpg,https://t.co/UlYFpe0fRE
"""1430929798486925313""","""1430498468523479045""",https://pbs.twimg.com/media/E9omxywVEAUMC_D.jpg,https://t.co/g87rHeY0ON
"""1430801797849894916""","""1430801791843651586""",https://pbs.twimg.com/media/E9s6piLVUAIap00.jpg,https://t.co/YeCJwADUwp
"""1430800612405379078""","""1430800607749632001""",https://pbs.twimg.com/media/E9s5knFUcAEPORf.jpg,https://t.co/RrvS6Z4AVf
"""1430799928654057477""","""1430799924740825089""",https://pbs.twimg.com/media/E9s482rVIAEGJpx.jpg,https://t.co/pMM5T4JCjS
"""1430799278008528901""","""1430799270181933058""",https://pbs.twimg.com/media/E9s4WwQVEAI8vZB.jpg,https://t.co/prJrP8S3Qd
"""1430798604105515009""","""1430798598841671684""",https://pbs.twimg.com/media/E9s3vrUVoAQ9yj-.jpg,https://t.co/4pgppcZQA8
"""1430798031155171329""","""1430798024238764039""",https://pbs.twimg.com/media/E9s3OOwVEAcPolQ.jpg,https://t.co/cw2v7XbrnY
"""1430797466362736641""","""1430797458552934404""",https://pbs.twimg.com/media/E9s2tTaUUAQo85W.jpg,https://t.co/x1rgf7QUuk
"""1430795827719462915""","""1430795823558782982""",https://pbs.twimg.com/media/E9s1OIlVcAYI5mo.jpg,https://t.co/9GU1h5ZtiM
"""1430795250977492998""","""1430795246430920706""",https://pbs.twimg.com/media/E9s0sinVIAIlter.jpg,https://t.co/G80oU8q5rV
"""1430794583114338309""","""1430794578030780420""",https://pbs.twimg.com/media/E9s0FooUYAQnEzU.jpg,https://t.co/Yb4DgBVzBU
"""1430794063708524556""","""1430794059514191880""",https://pbs.twimg.com/media/E9szndAVIAgBB1D.jpg,https://t.co/bWGOjuZBCX
"""1430702994639638533""","""1430663422824288258""",https://pbs.twimg.com/media/E9q8zZaWEAIJ3ld.jpg,https://t.co/KjEpf9Tj8M
"""1430538079966679044""","""1430538077190057984""",https://pbs.twimg.com/media/E9pKzUiVcAAjoHb.jpg,https://t.co/4ig7fkL12L
"""1430536528191574025""","""1430536522273411072""",https://pbs.twimg.com/media/E9pJY0BUUAAK8ei.jpg,https://t.co/9VvltMHwA0
"""1430337600775024641""","""1430337594764632067""",https://pbs.twimg.com/media/E9mUdtTVIAMbzi4.jpg,https://t.co/0MGJ6QbaKk
"""1430330959929303040""","""1429957321673764888""",https://pbs.twimg.com/media/E9g6m5pVcBgCYdy.jpg,https://t.co/sRoSsjTAos
"""1430222779048071171""","""1430222775575212032""",https://pbs.twimg.com/media/E9ksCWfVcAAReSs.jpg,https://t.co/N1C7pKVTiJ
"""1430203647351087106""","""1430203642158538756""",https://pbs.twimg.com/media/E9kaoo9UYAQJ8-N.jpg,https://t.co/pwxdEILeoK
"""1430203604632104972""","""1430203601108881412""",https://pbs.twimg.com/media/E9kamQCUUAQpsF6.jpg,https://t.co/hyyMWiLBWW
"""1430203570595401730""","""1430203560738705409""",https://pbs.twimg.com/media/E9kaj5pUUAE7fkf.jpg,https://t.co/hldNUOefKI
"""1430199710430556167""","""1430199706718597125""",https://pbs.twimg.com/media/E9kXDkTUcAU7atS.jpg,https://t.co/qjxQs2P2Nl
"""1430177715898961931""","""1430171710704295938""",https://pbs.twimg.com/media/E9j9l_BXoAI4vJF.jpg,https://t.co/0SNw16leKs
"""1430025421593079812""","""1430025419084865536""",https://pbs.twimg.com/media/E9h4isRVIAAbiF-.jpg,https://t.co/v5zQv4W2Ju
"""1430024715490381825""","""1429935430812635148""",https://pbs.twimg.com/media/E9gmsr1VEAwlY73.jpg,https://t.co/4pp5FYCizN
"""1429982211223162880""","""1429982208463314984""",https://pbs.twimg.com/media/E9hRPgKVoCgLkIe.jpg,https://t.co/qRdFFz9v1O
"""1429972129651466251""","""1429668978859945984""",https://pbs.twimg.com/media/E9c0XI9XsAANtgg.jpg,https://t.co/KPEcpH1iKB
"""1429949308309172230""","""1429949304337166348""",https://pbs.twimg.com/media/E9gzUOvVcAwo7vz.jpg,https://t.co/SugX4NvWd0
"""1429860122839293963""","""1429860119056031744""",https://pbs.twimg.com/media/E9fiM9rVIAApHiZ.jpg,https://t.co/5lIgZWOWXr
"""1429860122839293963""","""1429860118775013403""",https://pbs.twimg.com/media/E9fiM8oVIBsbWqC.jpg,https://t.co/5lIgZWOWXr
"""1429855033793732610""","""1429855031709212690""",https://pbs.twimg.com/media/E9fdk11VIBI_SFy.jpg,https://t.co/Zb2WB1VYQt
"""1429786372022304771""","""1429786369216237568""",https://pbs.twimg.com/media/E9efIKHUUAA0MXn.jpg,https://t.co/XAAdECetDM
"""1429783328010358786""","""1429783325254643723""",https://pbs.twimg.com/media/E9ecW-eUcAsUdoo.jpg,https://t.co/odHqqyRVrp
"""1429779687773904898""","""1429779684225544200""",https://pbs.twimg.com/media/E9eZDClVcAg6Cfy.jpg,https://t.co/oaXwDpGvV1
"""1429776215280259073""","""1429776210167406592""",https://pbs.twimg.com/media/E9eV40tVIAAO7rJ.jpg,https://t.co/HZq4d1ymMM
"""1429769801585463299""","""1429769795793129473""",https://pbs.twimg.com/media/E9eQDdTVEAE2xNC.jpg,https://t.co/VmpSUoB0pk
"""1429647870794162181""","""1429647866557915139""",https://pbs.twimg.com/media/E9chKPgUYAM-Oo8.jpg,https://t.co/cwxwQ73Cjs
"""1429647143552258051""","""1429647132256964610""",https://pbs.twimg.com/media/E9cgfgBVEAIZUlJ.jpg,https://t.co/CmF7H3dyrK
"""1429646220859887616""","""1429646210072121345""",https://pbs.twimg.com/media/E9cfp0nVEAEnKiR.jpg,https://t.co/sfgr6rhxxz
"""1429644119509372930""","""1429644107404611584""",https://pbs.twimg.com/media/E9cdvbkVEAAqWbL.jpg,https://t.co/1n9QkTyIMy
"""1429643219055173642""","""1429643208321998848""",https://pbs.twimg.com/media/E9cc7GOVIAAlx6-.jpg,https://t.co/3aoZCAbZ9F
"""1429642307435786243""","""1429642290931195913""",https://pbs.twimg.com/media/E9ccFsrUYAknIOq.jpg,https://t.co/zK8ad50fuU
"""1429641561784999939""","""1429641550175162378""",https://pbs.twimg.com/media/E9cbalJUUAojmPS.jpg,https://t.co/wTvbqskVRr
"""1429423184923611137""","""1429423180775452675""",https://pbs.twimg.com/media/E9ZUzzvUcAMODRT.jpg,https://t.co/mmR65gTae4
"""1429308594634117121""","""1429308589252890634""",https://pbs.twimg.com/media/E9XsltDVUAo9Y98.jpg,https://t.co/bVHPd6UYG5
"""1429281409949126657""","""1429081257414176768""",https://pbs.twimg.com/media/E9Ud1P9XMAAUwkH.jpg,https://t.co/1sywZ8nyrv
"""1429281346782957569""","""1429120637759492099""",https://pbs.twimg.com/media/E9VBpfLVkAMXHwc.jpg,https://t.co/YeeTGkhLZg
"""1429144809243955206""","""1429144800821841922""",https://pbs.twimg.com/media/E9VXn9mVEAIbAwP.jpg,https://t.co/tjcJhKyUap
"""1428912532425568256""","""1428875598013681664""",https://pbs.twimg.com/media/E9RiyS_UUAAfK5i.png,https://t.co/A1Tc5Zm4W5
"""1428874772168028164""","""1428839643789803520""",https://pbs.twimg.com/media/E9RCFfEWQAAThpO.png,https://t.co/wl6orooAql
"""1428857150139424771""","""1428849899232243713""",https://pbs.twimg.com/media/E9RLabkXMAEhYGS.jpg,https://t.co/T4Bci0wlUB
"""1428857012042051588""","""1428855491850035211""",https://pbs.twimg.com/media/E9RQf9sWYAsa1Tz.jpg,https://t.co/SUpD5lti83
"""1428831639208030208""","""1428831634418110465""",https://pbs.twimg.com/media/E9Q6zR1VEAECrvV.jpg,https://t.co/THqgoJDts4
"""1428804565286014976""","""1428804078012821506""",https://pbs.twimg.com/media/E9QhvSOVcAIiHyy.jpg,https://t.co/6cEg30IRzj
"""1428799326537478149""","""1428799318572494850""",https://pbs.twimg.com/media/E9QdaP7VcAIbqHq.jpg,https://t.co/hzmUUmxpC3
"""1428797252928163840""","""1428797248742334464""",https://pbs.twimg.com/media/E9QbhxNXoAAiLp7.jpg,https://t.co/pqZIujKxPD
"""1428726857248223244""","""1428722280771817480""",https://pbs.twimg.com/media/E9PXWDwXEAgQzQR.jpg,https://t.co/DMFHJu1D7M
"""1428726797085155330""","""1428676198226296845""",https://pbs.twimg.com/media/E9Otbs5VgA0PLVd.jpg,https://t.co/tISnqpg7tL
"""1428405817171079174""","""1428405813161250817""",https://pbs.twimg.com/media/E9K3hOCUUAEeDAy.jpg,https://t.co/fqPGR0kJrR
"""1428401215625256961""","""1428401206871793674""",https://pbs.twimg.com/media/E9KzVGRVIAo2xt6.jpg,https://t.co/9wPCT8Jepv
"""1428380269019471878""","""1428380263357157383""",https://pbs.twimg.com/media/E9KgSBmVEAcLLlx.jpg,https://t.co/SUh534mhxF
"""1428230899884171264""","""1428230896281288715""",https://pbs.twimg.com/media/E9IYbt4VgAsvvuq.jpg,https://t.co/lbfThhjSjS
"""1428223882918457345""","""1428223877507817475""",https://pbs.twimg.com/media/E9ISDK6VoAMLKrn.jpg,https://t.co/ctO3ANVHBp
"""1428130627988066306""","""1428130624502566917""",https://pbs.twimg.com/media/E9G9PIZVEAUP-Ly.jpg,https://t.co/NZX5PjxhN5
"""1428109945447268359""","""1427993464214589446""",https://pbs.twimg.com/media/E9FAfWgXEAYEo7n.jpg,https://t.co/0438Zx1NqM
"""1428052848940441603""","""1428017254231207937""",https://pbs.twimg.com/media/E9FWIHOUcAEUmr8.jpg,https://t.co/S8uKdxEKcu
"""1428052468957597699""","""1428052463555424271""",https://pbs.twimg.com/media/E9F2JkLXsA8aHc1.jpg,https://t.co/ymWrrvZCZV
"""1428025606537719810""","""1427978267412271106""",https://pbs.twimg.com/media/E9EyqyAWEAIctV0.jpg,https://t.co/ZvAOUcyiJK
"""1428022553143087113""","""1428022334217064448""",https://pbs.twimg.com/media/E9FavzpVEAAnJ1J.jpg,https://t.co/kijgItH150
"""1428019176321556480""","""1428018999053406212""",https://pbs.twimg.com/media/E9FXtrMWUAQkqak.jpg,https://t.co/TzgmLT0sSs
"""1428003873818484747""","""1427851570226503686""",https://pbs.twimg.com/media/E9C_cCNVoAY7Pc8.jpg,https://t.co/mLcYyX6MbY
"""1427999658119368712""","""1427999648786968582""",https://pbs.twimg.com/media/E9FGHV1UcAYxHgN.jpg,https://t.co/23qwBVdfS4
"""1427784921330900994""","""1427677631944695809""",https://pbs.twimg.com/media/E9AhPfnVoAE1vRR.jpg,https://t.co/QPGFkKViIb
"""1427783730630995977""","""1427761313023873029""",https://pbs.twimg.com/media/E9BtWX7VUAUUS66.jpg,https://t.co/4nBndbGINl
"""1427754639550672900""","""1427754628750352384""",https://pbs.twimg.com/media/E9BnRTEVoAACZPA.jpg,https://t.co/2MUWzIrqf0
"""1427753085560971271""","""1427753076509732864""",https://pbs.twimg.com/media/E9Bl28hVcAAUYBs.jpg,https://t.co/qJV0WgTwrW
"""1427752354976124932""","""1427752347413876743""",https://pbs.twimg.com/media/E9BlMgbVkAclJpj.jpg,https://t.co/f6lU3eQiEM
"""1427751432099303431""","""1427751416324521984""",https://pbs.twimg.com/media/E9BkWT2VgAASiIt.jpg,https://t.co/9elxXQ4sxW
"""1427743018946338817""","""1427710456643284992""",https://pbs.twimg.com/media/E9A_GJJVcAAMIWK.jpg,https://t.co/3BDUyCaiSp
"""1427742993285623818""","""1427722673778425856""",https://pbs.twimg.com/media/E9BKNRhVgAA0eIs.jpg,https://t.co/IZaAEC4Y8Y
"""1427678287938002950""","""1427678282019835907""",https://pbs.twimg.com/media/E9Ah1VVVEAMo95z.jpg,https://t.co/F5VJfw31Qt
"""1427676888516857861""","""1427676881600450562""",https://pbs.twimg.com/media/E9Agj0XVEAIoyPg.jpg,https://t.co/mP7vdf9Imw
"""1427661449539715075""","""1427661445034958863""",https://pbs.twimg.com/media/E9AShSrUYA8sp2b.jpg,https://t.co/mzAeU7FWXr
"""1427505279302737927""","""1427505267197976579""",https://pbs.twimg.com/media/E8-Eei5VoAMmBrf.jpg,https://t.co/7D2hOM0MXM
"""1427505025333415937""","""1427505018089865218""",https://pbs.twimg.com/media/E8-EQC5VgAIPdQt.jpg,https://t.co/A8a7z4F8MU
"""1427471180961914881""","""1427428873298341911""",https://pbs.twimg.com/media/E88-_1cVcBc1V_p.jpg,https://t.co/pnvN4Aw10K
"""1427470933732773891""","""1427416737478176785""",https://pbs.twimg.com/media/E88z9b_VcBEWcQk.jpg,https://t.co/loTfQSkpRD
"""1427463131714834432""","""1427463127629668353""",https://pbs.twimg.com/media/E89eJsxVoAEOPPG.jpg,https://t.co/W2EdhDTbxk
"""1427416816540848129""","""1427416812472389633""",https://pbs.twimg.com/media/E880BzXWUAE5kac.jpg,https://t.co/JX9Wmp3Fmz
"""1427411191136022531""","""1427411185750605826""",https://pbs.twimg.com/media/E88u6SMVgAI60nl.jpg,https://t.co/HJA6AvhCEm
"""1427390476928225286""","""1427348331643252736""",https://pbs.twimg.com/media/E871vsZXsAAZB_l.jpg,https://t.co/9YP6vIvK2w
"""1427372179767762944""","""1427372168900276224""",https://pbs.twimg.com/media/E88LbNGUcAAbqAQ.jpg,https://t.co/DjmUyhIKXB
"""1427291175376105480""","""1427291149870538757""",https://pbs.twimg.com/media/E87BvRsXoAU7mv-.jpg,https://t.co/wMrj0oLYP2
"""1427291175376105480""","""1427291149878939654""",https://pbs.twimg.com/media/E87BvRuX0AY4Ks7.jpg,https://t.co/wMrj0oLYP2
"""1427235426624892929""","""1427235422539714574""",https://pbs.twimg.com/media/E86PDhNVkA4UHgO.jpg,https://t.co/lzpTcAlzgr
"""1427053825517449218""","""1427032510848851969""",https://pbs.twimg.com/media/E83WggQUYAE4K-r.jpg,https://t.co/kQ0q8424TE
"""1427039998415544324""","""1427039992820371457""",https://pbs.twimg.com/media/E83dUAxVkAEj7nJ.jpg,https://t.co/d9daPWBYIM
"""1427032516720922627""","""1427032510848851969""",https://pbs.twimg.com/media/E83WggQUYAE4K-r.jpg,https://t.co/kQ0q8424TE
"""1427025705359998984""","""1427025692504457216""",https://pbs.twimg.com/media/E83QTn8VgAAsa7w.jpg,https://t.co/vpVx0CWjVF
"""1427021971003363331""","""1427021965974392834""",https://pbs.twimg.com/media/E83M6tiVUAIOk3e.jpg,https://t.co/SZ5k6CZX0G
"""1427019481881071619""","""1427019459701526528""",https://pbs.twimg.com/media/E83Ko08UUAA_XSo.jpg,https://t.co/u3cQOHszlu
"""1427016127058743298""","""1426913472755941381""",https://pbs.twimg.com/media/E81qPkzWQAUF8py.jpg,https://t.co/VO17x0wKi9
"""1426900664672653321""","""1426900658083401729""",https://pbs.twimg.com/media/E81elqbVEAECClg.jpg,https://t.co/uBemS8vXxc
"""1426750452985704451""","""1426750448380399620""",https://pbs.twimg.com/media/E8zV-TrX0AQO0ZF.jpg,https://t.co/3pO8I4Uifk
"""1426743404784930819""","""1426308600725598210""",https://pbs.twimg.com/media/E8tEHY5VcAIbGY4.jpg,https://t.co/ezhTtojGoH
"""1426661246711996417""","""1426661241955618820""",https://pbs.twimg.com/media/E8yE1z2VEAQpJrU.jpg,https://t.co/cW7HXC8GjJ
"""1426647706722656259""","""1426647693049221120""",https://pbs.twimg.com/media/E8x4hKPUUAAlEz1.jpg,https://t.co/6ZcJBDTdfO
"""1426617842246438912""","""1426617837032906752""",https://pbs.twimg.com/media/E8xdXT6VIAAGOfg.jpg,https://t.co/n1SngSypTm
"""1426581353475166219""","""1426581348177743873""",https://pbs.twimg.com/media/E8w8LYVVEAEXg3C.jpg,https://t.co/rKaO61kZkr
"""1426581089888346115""","""1426581084167237638""",https://pbs.twimg.com/media/E8w78A0UcAYj5gs.jpg,https://t.co/tJm4uJ1tT4
"""1426570492610179072""","""1426570487543435274""",https://pbs.twimg.com/media/E8wyTNUVEAokuBJ.jpg,https://t.co/M6bRyhF10l
"""1426368743668555777""","""1426368734025838592""",https://pbs.twimg.com/media/E8t6zm5VcAA8BqY.jpg,https://t.co/lr6WNHzfeZ
"""1426337012324265990""","""1426337001687552003""",https://pbs.twimg.com/media/E8td8iuVEAM70Dn.jpg,https://t.co/PYsjLGrWWZ
"""1426064819916972034""","""1426064813768151043""",https://pbs.twimg.com/media/E8pmZHtVkAML0SG.jpg,https://t.co/MXIiA0PplA
"""1425926346656600071""","""1425920673747140610""",https://pbs.twimg.com/media/E8njTESVgAIUuVr.jpg,https://t.co/ulLQmT7OB7
"""1425854368927166473""","""1425854345355145216""",https://pbs.twimg.com/media/E8mm-PxXMAASUqk.jpg,https://t.co/GtrDou79ZE
"""1425636172592783365""","""1425627358598369284""",https://pbs.twimg.com/media/E8jYh4NVkAQadF6.jpg,https://t.co/vJ395yJzy0
"""1425594363346837506""","""1425593510221156353""",https://pbs.twimg.com/media/E8i5vpLVkAESmfT.jpg,https://t.co/dn6D58r4uc
"""1425567474507034626""","""1425552311003217921""",https://pbs.twimg.com/media/E8iURiIVgAEB5NW.jpg,https://t.co/BRSzQUD4JE
"""1425561694919667719""","""1425296212454948866""",https://pbs.twimg.com/media/E8erWosWQAIwNUM.png,https://t.co/7k6CAoUq2o
"""1425499365079015424""","""1425215646233595904""",https://pbs.twimg.com/media/E8diFEIVEAAp7L6.jpg,https://t.co/19dKgHoKDk
"""1425479197586333699""","""1425210558928756740""",https://pbs.twimg.com/media/E8ddc8cVoAQCfOP.jpg,https://t.co/dkR4ZoVdqT
"""1425313786911772680""","""1425313701029089283""",https://pbs.twimg.com/media/E8e7QmtWEAMtSo7.jpg,https://t.co/s4RTr8HOzs
"""1425313178947366916""","""1425312741733150723""",https://pbs.twimg.com/media/E8e6YxDXsAMIci4.jpg,https://t.co/FxK3nzdYT1
"""1425287509639041030""","""1424885741507682324""",https://pbs.twimg.com/media/E8Y2CFQVoBQQVgD.jpg,https://t.co/sF24gWPJpB
"""1425287509639041030""","""1424885741524459543""",https://pbs.twimg.com/media/E8Y2CFUVoBc13N3.jpg,https://t.co/sF24gWPJpB
"""1425210330385240069""","""1425210328015458305""",https://pbs.twimg.com/media/E8ddPgOUUAEyxia.jpg,https://t.co/quG2HxCmwS
"""1425178991942676484""","""1423340668307398659""",https://pbs.twimg.com/media/E8C4y_DUYAM535n.jpg,https://t.co/nXRFTXcYPK
"""1425103546253459464""","""1424759276409602049""",https://pbs.twimg.com/media/E8XDA2DWQAEB89X.jpg,https://t.co/78GkwjNr36
"""1425093536001691656""","""1425093524224200709""",https://pbs.twimg.com/media/E8bzAoMX0AUbWmg.jpg,https://t.co/k2ILIIg4MR
"""1425092129706045440""","""1425092118435958784""",https://pbs.twimg.com/media/E8bxuzOVkAAjtVU.jpg,https://t.co/8XOVYqgH71
"""1424923684817580052""","""1424923667532759040""",https://pbs.twimg.com/media/E8ZYhqtWQAAj5fa.jpg,https://t.co/6lOlp3TrvK
"""1424878692287741952""","""1424878668980002839""",https://pbs.twimg.com/media/E8YvmaCVoBcVazi.jpg,https://t.co/tfLg2KKyjQ
"""1424596797998080002""","""1424596788812476419""",https://pbs.twimg.com/media/E8UvO0lUcAMjmFB.jpg,https://t.co/Vgy7RDpTxl
"""1424595655901605894""","""1424595643700371458""",https://pbs.twimg.com/media/E8UuMKtUYAIANAL.jpg,https://t.co/7E7LtThTp8
"""1424595655901605894""","""1424595643704627200""",https://pbs.twimg.com/media/E8UuMKuVUAAAV-d.jpg,https://t.co/7E7LtThTp8
"""1424525623058337793""","""1424525618192928777""",https://pbs.twimg.com/media/E8TugJXVUAkqs_N.jpg,https://t.co/5DYVMxBKYm
"""1424523333664591873""","""1424523327461224453""",https://pbs.twimg.com/media/E8TsazuVcAUvIly.jpg,https://t.co/bfdNGRQmtU
"""1424359915510931466""","""1424359912897859589""",https://pbs.twimg.com/media/E8RXy1CVUAUaY2x.jpg,https://t.co/iWvP43fVfh
"""1424357005372792837""","""1424356993943232518""",https://pbs.twimg.com/media/E8RVI7FUYAYSmDr.jpg,https://t.co/MMlDMZlvPw
"""1424344494745419778""","""1424344491649998854""",https://pbs.twimg.com/media/E8RJxMaVIAYx2pP.jpg,https://t.co/vIcXHfmgel
"""1424090424923201542""","""1424090414651351049""",https://pbs.twimg.com/media/E8Nir91VIAkOGQv.jpg,https://t.co/A5yCxeScxI
"""1424089481573896195""","""1424089457267937280""",https://pbs.twimg.com/media/E8Nh0PTVkAA5Ud6.jpg,https://t.co/mwz1Ju1fbG
"""1424088385073782785""","""1424088348625276929""",https://pbs.twimg.com/media/E8NgztSVEAEf2re.jpg,https://t.co/NnHhmVE7WP
"""1424008077867585537""","""1424008074134638596""",https://pbs.twimg.com/media/E8MXzHgVUAQoich.jpg,https://t.co/W2s49I0eEo
"""1424007083288977413""","""1424007074841653263""",https://pbs.twimg.com/media/E8MW482UcA8E4is.jpg,https://t.co/0nbBv7oVU4
"""1423699742379241474""","""1423699733575393285""",https://pbs.twimg.com/media/E8H_XVaUYAU4k97.jpg,https://t.co/TgYoa3pgZn
"""1423679290051158020""","""1423679282421719041""",https://pbs.twimg.com/media/E8Hsw67UYAEulh2.jpg,https://t.co/vyZ0wGIZXW
"""1423675502783389698""","""1423675499667103744""",https://pbs.twimg.com/media/E8HpUvEVoAAXybF.jpg,https://t.co/fG9ykiDsKj
"""1423652133912465408""","""1423652130456408064""",https://pbs.twimg.com/media/E8HUEd-VEAAiuQk.jpg,https://t.co/sruab98Zie
"""1423518471355207682""","""1423518467425062915""",https://pbs.twimg.com/media/E8FagQYUUAMTE-n.jpg,https://t.co/0gbBNMdiYY
"""1423517986816552960""","""1423517982253195270""",https://pbs.twimg.com/media/E8FaEA-VIAYGHn0.jpg,https://t.co/LK4W9B1LdT
"""1423443918046199808""","""1423443827449221120""",https://pbs.twimg.com/media/E8EWnozVUAAq7bm.jpg,https://t.co/QNz8PRItIy
"""1423405467427131401""","""1423405463836807175""",https://pbs.twimg.com/media/E8DzulNX0AcvQYQ.jpg,https://t.co/KmIinOiUiF
"""1423376722871734273""","""1423376720288043008""",https://pbs.twimg.com/media/E8DZlfJUUAAKn34.jpg,https://t.co/ssNKi71W7f
"""1423327656800444417""","""1423327649766666241""",https://pbs.twimg.com/media/E8Cs9NNVcAE5BY6.jpg,https://t.co/93EY2UH7Gu
"""1423282864578170884""","""1423272351760732161""",https://pbs.twimg.com/media/E8B6qcFVUAEviNq.jpg,https://t.co/9LIIj5TIZk
"""1423031279382056961""","""1422941668551139332""",https://pbs.twimg.com/media/E79N6JIXoAQ6Fl5.png,https://t.co/ZWglWSqQa4
"""1423002318954373123""","""1423002315913523204""",https://pbs.twimg.com/media/E7-FESKVcAQVjSt.jpg,https://t.co/6MWn3LSGX1
"""1422997015319834624""","""1422997011616256002""",https://pbs.twimg.com/media/E7-APiHUUAIIPol.jpg,https://t.co/IN63NsExVR
"""1422948327755186179""","""1422948319823745029""",https://pbs.twimg.com/media/E79T9TDVUAUeoce.jpg,https://t.co/dCk4GUBNKL
"""1422917316698804227""","""1422917313871835143""",https://pbs.twimg.com/media/E783wg4VcAcY49T.jpg,https://t.co/q0lW9y9lrT
"""1422793510432903173""","""1422793506691567616""",https://pbs.twimg.com/media/E77HJ_MVUAAcRae.jpg,https://t.co/hyFjVlAyEy
"""1422790635463987201""","""1422790628333654020""",https://pbs.twimg.com/media/E77EiceVEAQaS2D.jpg,https://t.co/XI6isJLXEl
"""1422789001790967809""","""1422788996971646984""",https://pbs.twimg.com/media/E77DDfLUUAgt87h.jpg,https://t.co/L30TnMoLcH
"""1422787543834062848""","""1422787536984764418""",https://pbs.twimg.com/media/E77BugTUcAIXe06.jpg,https://t.co/sVoQ7PJyuf
"""1422785237415731201""","""1422785231648477190""",https://pbs.twimg.com/media/E76_oUQUUAYEFtt.jpg,https://t.co/mSsNz1JrVS
"""1422777570890711040""","""1422777567967211521""",https://pbs.twimg.com/media/E764qO0UcAEwN7a.jpg,https://t.co/Z2XeL9UelO
"""1422721426025373698""","""1422721422544162820""",https://pbs.twimg.com/media/E76FmI0VUAQrMKE.jpg,https://t.co/lHo2EdnyiP
"""1422676501133074433""","""1422676497769254915""",https://pbs.twimg.com/media/E75cvK_VUAMa9Ke.jpg,https://t.co/Xyv70RAxsw
"""1422676501133074433""","""1422676497765068800""",https://pbs.twimg.com/media/E75cvK-VcAAP2oK.jpg,https://t.co/Xyv70RAxsw
"""1422671220156223493""","""1422670451017359363""",https://pbs.twimg.com/media/E75XPNFVoAMEiTH.jpg,https://t.co/aoGK1058OX
"""1422665120790974464""","""1422665118186315776""",https://pbs.twimg.com/media/E75SYyvVoAAkSgq.jpg,https://t.co/XzsjZFNUQH
"""1422627780303499273""","""1422543670415302666""",https://pbs.twimg.com/media/E73j7miVoAollpW.jpg,https://t.co/GFYhBkKQuG
"""1422567324733911050""","""1422360450063233024""",https://pbs.twimg.com/media/E709SxiVcAA3dN6.jpg,https://t.co/NcjXex9tvg
"""1422542676415627267""","""1422360362926501888""",https://pbs.twimg.com/media/E709Ns7UcAAA68D.jpg,https://t.co/qG1GFtyT85
"""1422339614350614538""","""1422339610781261840""",https://pbs.twimg.com/media/E70qVxKVoBAALBG.jpg,https://t.co/58KL4tjgj9
"""1422320196426125313""","""1422299465755545605""",https://pbs.twimg.com/media/E70F1BSWUAUnBQN.jpg,https://t.co/6CY3Nk3PRy
"""1422292534097809409""","""1422287424630099981""",https://pbs.twimg.com/media/E7z64ImVEA0LeGc.jpg,https://t.co/ytfiI94GXs
"""1422292534097809409""","""1422287424630099975""",https://pbs.twimg.com/media/E7z64ImVEAchsFm.jpg,https://t.co/ytfiI94GXs
"""1422223724309188612""","""1422223716138721292""",https://pbs.twimg.com/media/E7zA7z-VoAwE7U_.jpg,https://t.co/VtiWqK307J
"""1422074380947922951""","""1422074377479200770""",https://pbs.twimg.com/media/E7w5HKHVIAIF76q.jpg,https://t.co/9LNQArAZPC
"""1422072755889991680""","""1422072752668741637""",https://pbs.twimg.com/media/E7w3olOVEAUcvIe.jpg,https://t.co/U7xAhmSMx6
"""1421989578718818305""","""1421989574566416386""",https://pbs.twimg.com/media/E7vr--pXEAIw3dW.jpg,https://t.co/delg3yQhHE
"""1421966269381693441""","""1421966261336952832""",https://pbs.twimg.com/media/E7vWx-GUUAAlxiN.jpg,https://t.co/I1eB6KTBri
"""1421964995865157632""","""1421964990668443649""",https://pbs.twimg.com/media/E7vVoAfVkAEkFKX.jpg,https://t.co/VIYppCZgXi
"""1421962278363041795""","""1421962269479497731""",https://pbs.twimg.com/media/E7vTJnRVcAMWT3P.jpg,https://t.co/fYuAI51xVr
"""1421752205170728964""","""1421752198464098304""",https://pbs.twimg.com/media/E7sUF3wVUAAIHSl.jpg,https://t.co/qNz9qu6C7c
"""1421650320849915912""","""1421650316911538176""",https://pbs.twimg.com/media/E7q3blZVcAAoEGz.jpg,https://t.co/tsTDCOpDCX
"""1421636836099715077""","""1421636828856127491""",https://pbs.twimg.com/media/E7qrKeeVEAM9ALK.jpg,https://t.co/AMcI7a434x
"""1421300954721181698""","""1421300950422102017""",https://pbs.twimg.com/media/E7l5rxzVoAEN3A3.jpg,https://t.co/OfB0DyuG3b
"""1421240642424905729""","""1421240638951985155""",https://pbs.twimg.com/media/E7lC1MEVEAMscdx.jpg,https://t.co/vW8ybecQeT
"""1421164997330104322""","""1421164993119100928""",https://pbs.twimg.com/media/E7j-CBYVoAAtfuu.jpg,https://t.co/NHihDzHrA4
"""1421144322536136705""","""1421144318966779905""",https://pbs.twimg.com/media/E7jrOoKUUAEe-Xy.jpg,https://t.co/JYMZcEMh99
"""1421136555368849414""","""1421136549291253763""",https://pbs.twimg.com/media/E7jkKX3UYAMJ0b6.jpg,https://t.co/4d1rAr3h7B
"""1421135947643510789""","""1421135942488707073""",https://pbs.twimg.com/media/E7jjnDWUUAEA_JD.jpg,https://t.co/S6diLKnKy3
"""1421135056119033862""","""1421135052117733377""",https://pbs.twimg.com/media/E7jizOdVcAEVPM3.jpg,https://t.co/gZ4PSsH3Jm
"""1421116975682527242""","""1421116970942881794""",https://pbs.twimg.com/media/E7jSWw1UYAIkh8d.jpg,https://t.co/uIQIUb9jXj
"""1421099507672969217""","""1421099504716054533""",https://pbs.twimg.com/media/E7jCeGEVgAU_d_D.jpg,https://t.co/TwUBNgwrWQ
"""1420966411904585729""","""1420966398495322114""",https://pbs.twimg.com/media/E7hJaSwUcAIjtoy.jpg,https://t.co/8QoNGetCGy
"""1420965999411568642""","""1420965992927092743""",https://pbs.twimg.com/media/E7hJCr5UYAcmR3W.jpg,https://t.co/bNJRzCoOv9
"""1420965358182146050""","""1420965347570503680""",https://pbs.twimg.com/media/E7hIdHwUUAAyaKc.jpg,https://t.co/wSaMVRF4zi
"""1420964733016891394""","""1420964727207776257""",https://pbs.twimg.com/media/E7hH5AuUUAEKKBf.jpg,https://t.co/hkZJ4G0lTK
"""1420961722580361229""","""1420961711851335685""",https://pbs.twimg.com/media/E7hFJfpUcAUAYPh.jpg,https://t.co/KaaNLSWCdz
"""1420961100686782471""","""1420961093002829828""",https://pbs.twimg.com/media/E7hEleQVoAQNeuF.jpg,https://t.co/aRioDnJtgj
"""1420960369799925761""","""1420960359461003265""",https://pbs.twimg.com/media/E7hD6xmVoAEnHzt.jpg,https://t.co/OPLF0K66Jd
"""1420959079002824708""","""1420959066944196609""",https://pbs.twimg.com/media/E7hCvimUUAEuRU0.jpg,https://t.co/QemFL6tCWK
"""1420957605178986501""","""1420957592889618439""",https://pbs.twimg.com/media/E7hBZvUUcAcZ2e9.jpg,https://t.co/STWXztVrlf
"""1420956274858942465""","""1420956265639866369""",https://pbs.twimg.com/media/E7hAMe7UcAEATb7.jpg,https://t.co/Cap8WtJhvc
"""1420955349851406347""","""1420955340036722691""",https://pbs.twimg.com/media/E7g_WmyVUAMWMD6.jpg,https://t.co/JqIykJIS1U
"""1420842194559135747""","""1420842184689868805""",https://pbs.twimg.com/media/E7fYcGRUYAUYeHr.jpg,https://t.co/Rz2mJooilx
"""1420453519052591106""","""1420453515281928192""",https://pbs.twimg.com/media/E7Z28j5VkAA7yvc.jpg,https://t.co/FQZIa8OZLY
"""1420368802651381765""","""1420368799287578625""",https://pbs.twimg.com/media/E7Yp5cOVkAEKN2p.jpg,https://t.co/yQhHDnPKVw
"""1420094086053208064""","""1420094083893133317""",https://pbs.twimg.com/media/E7UwC5oVgAUDcSU.jpg,https://t.co/Zfp6ZY97O8
"""1420050362619240457""","""1420050357963526144""",https://pbs.twimg.com/media/E7UIRt2VEAAgCMH.jpg,https://t.co/NmLhFJTwIh
"""1419923000825024512""","""1419922998228774914""",https://pbs.twimg.com/media/E7SUcZ3VcAI2i64.jpg,https://t.co/0jgmn1JDc3
"""1419821758639607814""","""1419821744961974275""",https://pbs.twimg.com/media/E7Q4WsDVcAM50F5.jpg,https://t.co/UIIjhMKZon
"""1419820749620092929""","""1419820737607593987""",https://pbs.twimg.com/media/E7Q3cDXVcAMNS2-.jpg,https://t.co/zC1qmVfKh1
"""1419816315276038144""","""1419816302454087686""",https://pbs.twimg.com/media/E7QzZ5IVoAY83e_.jpg,https://t.co/CT6X429vUl
"""1419647323265671172""","""1419647316034670594""",https://pbs.twimg.com/media/E7OZtlqVUAI1JeU.jpg,https://t.co/ZJ35CFoPdr
"""1419647150892339202""","""1419647143342526466""",https://pbs.twimg.com/media/E7OZjiVUUAIRc8v.jpg,https://t.co/h4MG4qHaX4
"""1419553129222209540""","""1419553117813673985""",https://pbs.twimg.com/media/E7NECh8VEAEj3tL.jpg,https://t.co/0TwadH74gT
"""1419528629659201537""","""1419528619852931074""",https://pbs.twimg.com/media/E7Mtwj7VoAI1eCT.jpg,https://t.co/7MYvrmOFz6
"""1419527497733918725""","""1419527467086225409""",https://pbs.twimg.com/media/E7MstdiVoAE6VAw.jpg,https://t.co/LeMeDMLRrR
"""1419526482406215680""","""1419526471169634314""",https://pbs.twimg.com/media/E7MrzfdUcAozMgN.jpg,https://t.co/rvoVoGnan9
"""1419460357580464128""","""1419460328035819520""",https://pbs.twimg.com/media/E7LvpdFVoAAeYSY.jpg,https://t.co/WanLjFms7u
"""1419460357580464128""","""1419460328102924290""",https://pbs.twimg.com/media/E7LvpdVVkAIJo9S.jpg,https://t.co/WanLjFms7u
"""1419460357580464128""","""1419460328094539783""",https://pbs.twimg.com/media/E7LvpdTVoAcG2FX.jpg,https://t.co/WanLjFms7u
"""1419460357580464128""","""1419460328098729984""",https://pbs.twimg.com/media/E7LvpdUVkAAGUEO.jpg,https://t.co/WanLjFms7u
"""1419304645244035072""","""1419304639682338816""",https://pbs.twimg.com/media/E7JiDMxUYAAhdcP.jpg,https://t.co/6EKPUggrxT
"""1419246327746101263""","""1419246325338497027""",https://pbs.twimg.com/media/E7ItA26UYAMigeP.jpg,https://t.co/aeyCTk3j8m
"""1419225770807873543""","""1419225763904061443""",https://pbs.twimg.com/media/E7IaUBmVgAMLUyT.jpg,https://t.co/fJSvzDLmqM
"""1418975400634486794""","""1418975388810850309""",https://pbs.twimg.com/media/E7E2mRsXsAUgnNJ.jpg,https://t.co/N6aZ6UtLen
"""1418933875967991819""","""1418933871710777349""",https://pbs.twimg.com/media/E7EQ1qcXMAUmNQA.jpg,https://t.co/0DAafrHtqo
"""1418662597264564225""","""1418662593158340609""",https://pbs.twimg.com/media/E7AaHLFWYAERTnI.jpg,https://t.co/omsGYzFmiZ
"""1418610857307779074""","""1418269245918511106""",https://pbs.twimg.com/media/E660XWbVgAIBTR6.jpg,https://t.co/zyxxNaymuO
"""1418251600041332736""","""1418231083359895554""",https://pbs.twimg.com/media/E66Rp_0VgAI4Z8z.jpg,https://t.co/u0HNGhyjDc
"""1418194527509123082""","""1418194518768193536""",https://pbs.twimg.com/media/E65wZqGVkAAqJcI.jpg,https://t.co/cmjLWWnsmy
"""1418169898149191683""","""1418169889953484800""",https://pbs.twimg.com/media/E65aAEnVEAAgU_k.jpg,https://t.co/ZZ384RAkee
"""1418169607710412801""","""1418169599258882056""",https://pbs.twimg.com/media/E65ZvJsVcAgCXWW.jpg,https://t.co/sOjD70LPQK
"""1418148192529616899""","""1417966883714654211""",https://pbs.twimg.com/media/E62hXjcUYAMP9re.jpg,https://t.co/rPQbtI5r7N
"""1418075949321449472""","""1418075946318401537""",https://pbs.twimg.com/media/E64Ej1TVkAEzr-G.jpg,https://t.co/JptaFF12Og
"""1418049781302132748""","""1418049776818352128""",https://pbs.twimg.com/media/E63swkUUcAAPZW6.jpg,https://t.co/4zRrrBogZX
"""1417959293014487054""","""1417959289675788291""",https://pbs.twimg.com/media/E62adhcXMAM4LSi.jpg,https://t.co/qI2X3IBSHw
"""1417901299945787394""","""1417895351126663171""",https://pbs.twimg.com/media/E61gTzyVIAMJF5C.png,https://t.co/1gshclLVel
"""1417894642524299264""","""1417894312424054787""",https://pbs.twimg.com/media/E61fXWUVIAMrecz.jpg,https://t.co/903brnGeF3
"""1417849925216440323""","""1417849904572116994""",https://pbs.twimg.com/media/E602-eLXsAIQEqT.jpg,https://t.co/CLA7LfkVsP
"""1417837812238352386""","""1417837809692418048""",https://pbs.twimg.com/media/E60r-dPVoAA0ZdO.jpg,https://t.co/c7rixLzImp
"""1417835856744697857""","""1417835852487561218""",https://pbs.twimg.com/media/E60qMiFVkAI1qPu.jpg,https://t.co/MeczhSaPup
"""1417835066370105348""","""1417835063111077888""",https://pbs.twimg.com/media/E60pelbUUAASKz5.jpg,https://t.co/DjZNTLPAHd
"""1417828808971984896""","""1417828798075219968""",https://pbs.twimg.com/media/E60jx6WXsAANlqi.jpg,https://t.co/mKYDM2dUkw
"""1417695541211787270""","""1417695536111505408""",https://pbs.twimg.com/media/E6yqlC2VUAA80mF.jpg,https://t.co/uUx6VBua0G
"""1417695247430160392""","""1417695241902063616""",https://pbs.twimg.com/media/E6yqT61VgAA6W9O.jpg,https://t.co/DdfBcjMvCa
"""1417680150821367809""","""1417680147960893442""",https://pbs.twimg.com/media/E6yclVhVEAIKKIp.jpg,https://t.co/t6zoNMZrjm
"""1417655731986124801""","""1417655723073282050""",https://pbs.twimg.com/media/E6yGXnuVIAI8AOU.jpg,https://t.co/aVm7zbXRPB
"""1417609589089054721""","""1417609585259655169""",https://pbs.twimg.com/media/E6xcaC-XMAE3awp.jpg,https://t.co/FAs5eEBwLr
"""1417592838414503936""","""1417592627130556417""",https://pbs.twimg.com/media/E6xM-9BUYAEXUFK.jpg,https://t.co/20cJaWn1Ge
"""1417592838414503936""","""1417592642540511233""",https://pbs.twimg.com/media/E6xM_2bVoAEupHq.jpg,https://t.co/20cJaWn1Ge
"""1417592838414503936""","""1417592657472221188""",https://pbs.twimg.com/media/E6xNAuDVcAQ37Zh.jpg,https://t.co/20cJaWn1Ge
"""1417592838414503936""","""1417592672693350401""",https://pbs.twimg.com/media/E6xNBmwVcAEk_Md.jpg,https://t.co/20cJaWn1Ge
"""1417586237997674498""","""1417586235271381002""",https://pbs.twimg.com/media/E6xHK5fVgAoxd45.jpg,https://t.co/bpuvIn39Lr
"""1417534203592335367""","""1417534200945709059""",https://pbs.twimg.com/media/E6wX2GhWEAM-pOR.jpg,https://t.co/S22mx9xXe1
"""1417534203592335367""","""1417534200933199877""",https://pbs.twimg.com/media/E6wX2GeXMAU3_8F.jpg,https://t.co/S22mx9xXe1
"""1417534203592335367""","""1417534200937332736""",https://pbs.twimg.com/media/E6wX2GfWQAAeWm-.jpg,https://t.co/S22mx9xXe1
"""1417534203592335367""","""1417534200916455429""",https://pbs.twimg.com/media/E6wX2GaXsAUtpWK.jpg,https://t.co/S22mx9xXe1
"""1417484377571958795""","""1417484370340978699""",https://pbs.twimg.com/media/E6vqhlDXoAsg2N0.jpg,https://t.co/7n2mDdIqzR
"""1417303636959399974""","""1417303625500561416""",https://pbs.twimg.com/media/E6tGI2DVkAgvfyZ.jpg,https://t.co/LVRcSxdOVP
"""1417215713937444867""","""1417215710225391617""",https://pbs.twimg.com/media/E6r2LgIWYAEQlx8.jpg,https://t.co/bsaXugoEuI
"""1417215713937444867""","""1417215710187728900""",https://pbs.twimg.com/media/E6r2Lf_XsAQqA8M.jpg,https://t.co/bsaXugoEuI
"""1417215713937444867""","""1417215710191890432""",https://pbs.twimg.com/media/E6r2LgAXMAAE1RQ.jpg,https://t.co/bsaXugoEuI
"""1417215713937444867""","""1417215710204502017""",https://pbs.twimg.com/media/E6r2LgDXoAEqEoB.jpg,https://t.co/bsaXugoEuI
"""1417146889292566528""","""1417146886222319616""",https://pbs.twimg.com/media/E6q3lavVEAAPKKb.jpg,https://t.co/enR61ZWJ69
"""1417145586038362112""","""1417145582188040196""",https://pbs.twimg.com/media/E6q2Zg1VEAQ81rK.jpg,https://t.co/NXkxvDfis5
"""1417054949905600514""","""1417054946843713542""",https://pbs.twimg.com/media/E6pj913UYAY_2c9.jpg,https://t.co/9T0F4AwJuU
"""1417053376630517760""","""1417053373505757184""",https://pbs.twimg.com/media/E6piiQuUYAA_B4z.jpg,https://t.co/rcmnrF7kNk
"""1416991724950364160""","""1416991721926270978""",https://pbs.twimg.com/media/E6oqdqsVoAIAHyM.jpg,https://t.co/XRmCWlhrGJ
"""1416984083045830664""","""1416984079711367171""",https://pbs.twimg.com/media/E6ojg1OUcAMkxvL.jpg,https://t.co/LYOHIvuwPt
"""1416975142228426758""","""1416975137488871430""",https://pbs.twimg.com/media/E6obYU2VoAY7404.jpg,https://t.co/sSxbDWKUXm
"""1416927186397712384""","""1416927180844457990""",https://pbs.twimg.com/media/E6nvw4bUYAYhVgW.jpg,https://t.co/hW9KUAz4Ug
"""1416521185785905155""","""1416521174540972032""",https://pbs.twimg.com/media/E6h-gNFVcAAHV-W.jpg,https://t.co/55Ykovl3RD
"""1416513551955423232""","""1416423618775420928""",https://pbs.twimg.com/media/E6glxtiVEAAgmVm.jpg,https://t.co/wd18YtxtHI
"""1416510905743941634""","""1416510898605223937""",https://pbs.twimg.com/media/E6h1KEPVcAEbMi-.jpg,https://t.co/TUouamaKhm
"""1416424925598928898""","""1416424922285445120""",https://pbs.twimg.com/media/E6gm9lfVkAApTuc.jpg,https://t.co/nzpIdBdjgy
"""1416384605221900294""","""1416384600004186116""",https://pbs.twimg.com/media/E6gCShSVUAQYGgQ.jpg,https://t.co/4q2NN7WGSN
"""1416230866951360512""","""1416230862887153664""",https://pbs.twimg.com/media/E6d2d15VcAACQgy.jpg,https://t.co/pZ79PueIia
"""1416228741013901312""","""1416228737733906434""",https://pbs.twimg.com/media/E6d0iJFUUAIaF0z.jpg,https://t.co/nPxcta8bT3
"""1416206622465032193""","""1416206619830935553""",https://pbs.twimg.com/media/E6dgateUYAEMvHK.jpg,https://t.co/6vxtZ27ZFd
"""1416179013576536068""","""1416179010350968833""",https://pbs.twimg.com/media/E6dHToJVcAE6G3s.jpg,https://t.co/zDG8faitRO
"""1416147701029384194""","""1416147285776519171""",https://pbs.twimg.com/media/E6cqdA5X0AMTWfZ.jpg,https://t.co/bYiLagMJh2
"""1416128658318692358""","""1415787403680223232""",https://pbs.twimg.com/media/E6XjJHnVEAA6ZGz.jpg,https://t.co/f2x7ET6NRi
"""1416106949205139457""","""1416106946168459267""",https://pbs.twimg.com/media/E6cFw8JVkAMfnC4.jpg,https://t.co/cLSTVHjEYI
"""1416013607377137667""","""1416013604910895104""",https://pbs.twimg.com/media/E6aw3w3VkAA5PPv.jpg,https://t.co/bATNeTpmTF
"""1415820993520488448""","""1415820984007880704""",https://pbs.twimg.com/media/E6YBrwFVcAAzIQt.jpg,https://t.co/AibPd11JYq
"""1415816421456576512""","""1415816411901923330""",https://pbs.twimg.com/media/E6X9hnqVEAIqVs1.jpg,https://t.co/IOn8NtuF4Q
"""1415814290192224259""","""1415814198269857793""",https://pbs.twimg.com/media/E6X7gxPUUAEr45r.jpg,https://t.co/ClE4beJhRE
"""1415813486718816256""","""1415813482033778692""",https://pbs.twimg.com/media/E6X63FDVEAQWvyA.jpg,https://t.co/OEx8uPGflW
"""1415812908945010690""","""1415812904545263622""",https://pbs.twimg.com/media/E6X6VdvVoAY3vQU.jpg,https://t.co/KS0zffuYn6
"""1415811757180817408""","""1415811749559758850""",https://pbs.twimg.com/media/E6X5SPFVcAIlUKs.jpg,https://t.co/rDml0Lv7jC
"""1415810942835724291""","""1415810930777096193""",https://pbs.twimg.com/media/E6X4ik4VgAET3Iy.jpg,https://t.co/gng9MAM3E8
"""1415529354059075587""","""1415529343917314049""",https://pbs.twimg.com/media/E6T4cEFVUAELyY0.jpg,https://t.co/jVOS8Pyx8v
"""1415512637048188929""","""1415512629896826881""",https://pbs.twimg.com/media/E6TpPLgUUAEfoqA.jpg,https://t.co/3n5E9GRA5I
"""1415453714903539714""","""1415453710604374019""",https://pbs.twimg.com/media/E6SzpoCVEAMDtJb.jpg,https://t.co/2P3irW4xwA
"""1415447439901806593""","""1415447437473316866""",https://pbs.twimg.com/media/E6St8ezVgAI1sOs.jpg,https://t.co/oqocuPZQAA
"""1415437023381540868""","""1415381361972498432""",https://pbs.twimg.com/media/E6Rx2YYUUAA0JYI.jpg,https://t.co/PERLzy57qW
"""1415429167244402690""","""1415429160873254912""",https://pbs.twimg.com/media/E6SdUpKUYAAELIv.jpg,https://t.co/vrjanyjqBg
"""1415426138478813184""","""1415426134477471744""",https://pbs.twimg.com/media/E6Sake9VgAA-aEJ.jpg,https://t.co/hr7UzOVu2X
"""1415392650845310976""","""1415392642901282816""",https://pbs.twimg.com/media/E6R8HBHVEAAhtgz.jpg,https://t.co/PwGXp4UUqU
"""1415387726795345921""","""1415387718431821825""",https://pbs.twimg.com/media/E6R3oYCUUAEN4Nx.jpg,https://t.co/wokuJSeT2f
"""1415325794750976005""","""1415325787452940299""",https://pbs.twimg.com/media/E6Q_ThKVIAsx6Yc.jpg,https://t.co/7S8R6WTxP8
"""1415068293442899969""","""1415068239193796611""",https://pbs.twimg.com/media/E6NVEPIVcAMb6tP.jpg,https://t.co/2VwE267yWA
"""1415007374205755392""","""1415007358405709827""",https://pbs.twimg.com/media/E6MdsghWEAMO2_b.jpg,https://t.co/vStgBJzA5X
"""1414751311900282880""","""1414751309329166360""",https://pbs.twimg.com/media/E6I00fYVcBg8RHb.jpg,https://t.co/bQvoEMHQ7D
"""1414235608457695233""","""1414235606318608388""",https://pbs.twimg.com/media/E6Bfyn9UcAQx3g7.jpg,https://t.co/aZZnB2mdO6
"""1413770083965358089""","""1413770080941350914""",https://pbs.twimg.com/media/E564ZeyVoAIHOpl.jpg,https://t.co/GPTf1jZaGD
"""1413159314491990022""","""1413159311329533955""",https://pbs.twimg.com/media/E5yM6ArVIAMUscU.jpg,https://t.co/08NADrrBUv
"""1413119968997122055""","""1413117712478388229""",https://pbs.twimg.com/media/E5xnEo4WQAUFHxC.jpg,https://t.co/Hz0UMLv3W8
"""1413023167551926274""","""1413023165018624005""",https://pbs.twimg.com/media/E5wRFQJVUAUkidV.jpg,https://t.co/Z1iS5QvbZL
"""1413021213308321792""","""1413021210363916288""",https://pbs.twimg.com/media/E5wPTefVcAAIwUG.jpg,https://t.co/rSdec8fXaD
"""1412435880996790277""","""1412435876441825281""",https://pbs.twimg.com/media/E5n68jtVIAEofqR.jpg,https://t.co/inY7KM1twI
"""1412157236990791683""","""1412157231819214855""",https://pbs.twimg.com/media/E5j9hTmVUAc65If.jpg,https://t.co/NSNvKiHkB8
"""1411693991746101253""","""1411693986520068098""",https://pbs.twimg.com/media/E5dYM4YVcAIEMsV.jpg,https://t.co/AjcX8nev6n
"""1411682237989363715""","""1411682235250446339""",https://pbs.twimg.com/media/E5dNg3fVEAMZu45.jpg,https://t.co/MvVd4kTLtn
"""1411314640244465670""","""1411314637585358854""",https://pbs.twimg.com/media/E5X_L3eVoAYe99a.jpg,https://t.co/DmvPpCYlUI
"""1410626190285565955""","""1410626187055878152""",https://pbs.twimg.com/media/E5ONCxZUUAgFKBx.jpg,https://t.co/yUu7oMmM7r
"""1409908003885633539""","""1409908000270155780""",https://pbs.twimg.com/media/E5D_2zIVgAQDwak.jpg,https://t.co/4FS5PWEWMI
"""1409538083662479361""","""1409538073336090624""",https://pbs.twimg.com/media/E4-vaN6WEAA75Lp.jpg,https://t.co/PRWytbTaaV
"""1409535376243449856""","""1409535367867469837""",https://pbs.twimg.com/media/E4-s8vQXEA0gD7o.jpg,https://t.co/4HSUiqlONj
"""1409369905485520899""","""1409369902448877569""",https://pbs.twimg.com/media/E48WdYiXoAEIopA.jpg,https://t.co/lF8Tprq9QM
"""1409348812913659905""","""1409348809747013632""",https://pbs.twimg.com/media/E48DRoGXIAANt3V.jpg,https://t.co/p07t8eQVg7
"""1408781514700062721""","""1408781511692722176""",https://pbs.twimg.com/media/E4z_UiKVIAAYRwA.jpg,https://t.co/lqZitlftKP
"""1408620102660939778""","""1408620097686495235""",https://pbs.twimg.com/media/E4xshAIUYAMdZ9M.jpg,https://t.co/x28FR5ebto
"""1408505961304649728""","""1408505951552892928""",https://pbs.twimg.com/media/E4wEs0pVcAAcymn.jpg,https://t.co/Tf0dgIeK6D
"""1408148371873931265""","""1408148365960007703""",https://pbs.twimg.com/media/E4q_emgX0BcRplg.jpg,https://t.co/cdjZRxwdAD
"""1408147314124992522""","""1408147306344484875""",https://pbs.twimg.com/media/E4q-g7IWEAsVmeg.jpg,https://t.co/QG2UCojqg4
"""1408146800394002437""","""1408146792135467008""",https://pbs.twimg.com/media/E4q-C_jXIAAx1an.jpg,https://t.co/JIzr9lXqdY
"""1408146249707102213""","""1408146244879388674""",https://pbs.twimg.com/media/E4q9jI3WEAIBy2a.jpg,https://t.co/p5DVn4WHXy
"""1408145818230702088""","""1408145813591707648""",https://pbs.twimg.com/media/E4q9KCMWUAAUEGJ.jpg,https://t.co/lBUFEWqYLP
"""1407753033010851841""","""1407753028795523083""",https://pbs.twimg.com/media/E4lX68zWYAsqof2.jpg,https://t.co/81bu4rbeva
"""1407747636137009155""","""1407747632492072962""",https://pbs.twimg.com/media/E4lTA2AWUAI9TE_.jpg,https://t.co/5iYPe4uSh7
"""1407665790166441987""","""1407665762614005763""",https://pbs.twimg.com/media/E4kIjY8WUAMiMEQ.jpg,https://t.co/n0hDncMNzW
"""1407368107262418945""","""1407368090619461633""",https://pbs.twimg.com/media/E4f50mWXwAEiH4I.jpg,https://t.co/LM8xPvPJd2
"""1407052009929330688""","""1407052003063341063""",https://pbs.twimg.com/media/E4baV4cXoAcYRP6.jpg,https://t.co/EhbyoOBXU8
"""1406718212843053057""","""1406718198221709315""",https://pbs.twimg.com/media/E4Wqv4gVIAMaeSo.jpg,https://t.co/Kpx4ksgogk
"""1406718212843053057""","""1406718198225924096""",https://pbs.twimg.com/media/E4Wqv4hVcAAfg-9.jpg,https://t.co/Kpx4ksgogk
"""1406615707719127049""","""1406615704455974920""",https://pbs.twimg.com/media/E4VNh9eVkAghkHD.jpg,https://t.co/gvodgXBtEk
"""1406425744595570688""","""1406425727528890378""",https://pbs.twimg.com/media/E4Sgv2RUcAoL_bH.jpg,https://t.co/IVKwKTBUbY
"""1406425744595570688""","""1406425727541542914""",https://pbs.twimg.com/media/E4Sgv2UVgAITBDG.jpg,https://t.co/IVKwKTBUbY
"""1406273954105364484""","""1406273948912816129""",https://pbs.twimg.com/media/E4QWtK3VkAERAlG.jpg,https://t.co/9N7MAefMIp
"""1406266374381473797""","""1406266371797708804""",https://pbs.twimg.com/media/E4QP0H6UcAQLBth.jpg,https://t.co/0UVxnPjv7d
"""1406262534726815746""","""1406262530993901569""",https://pbs.twimg.com/media/E4QMUjzVUAEnKer.jpg,https://t.co/LP9kAFhITB
"""1406253276065009669""","""1406253273732943878""",https://pbs.twimg.com/media/E4QD5t0VEAYcZS-.jpg,https://t.co/fO9cGQ7u12
"""1406249865735143428""","""1406249862962638852""",https://pbs.twimg.com/media/E4QAzLtUcAQDNcM.jpg,https://t.co/wmzQttDn4P
"""1405552022300938240""","""1405552018429677577""",https://pbs.twimg.com/media/E4GGHSPVkAk89qF.jpg,https://t.co/X7ZZfsFIjI
"""1405374839804682244""","""1405374836143099908""",https://pbs.twimg.com/media/E4Dk96yVEAQur-A.jpg,https://t.co/Nb5pql3eSp
"""1405240462714179589""","""1405240458666668039""",https://pbs.twimg.com/media/E4BqwHrVcAc2tmB.jpg,https://t.co/x5hd4cV4Vs
"""1404999717700861954""","""1404999712701227009""",https://pbs.twimg.com/media/E3-Py3EVIAEmTDJ.jpg,https://t.co/3QCCXjVnXd
"""1404920883567730688""","""1404920881411878912""",https://pbs.twimg.com/media/E39IGRoVcAA7VyW.jpg,https://t.co/HKKsa5erlJ
"""1404295895793889282""","""1404295892488712198""",https://pbs.twimg.com/media/E30PrIdUcAYz9KB.jpg,https://t.co/IVmf61JV7o
"""1404040774241558544""","""1404040760731734021""",https://pbs.twimg.com/media/E3wnogmVkAUwyAo.jpg,https://t.co/WJhx7NNpHd
"""1404035277572644869""","""1404035271641821184""",https://pbs.twimg.com/media/E3wipAJUcAAI2Wh.jpg,https://t.co/s0HDWGq6f9
"""1404032996554858498""","""1404032989504233475""",https://pbs.twimg.com/media/E3wgkKhUYAMZhu6.jpg,https://t.co/IOIHPcDQnl
"""1403854287583678466""","""1403854282609233923""",https://pbs.twimg.com/media/E3t-CDdVkAM3JAx.jpg,https://t.co/YmOlqVB8bt
"""1403852437425852418""","""1403852429246885891""",https://pbs.twimg.com/media/E3t8WLJUcAMg9cN.jpg,https://t.co/z56apP3mkb
"""1403709359415193605""","""1403709350686826499""",https://pbs.twimg.com/media/E3r6N5-VIAMn4YP.jpg,https://t.co/gxgmp13O4C
"""1403491413694717955""","""1403491401086631937""",https://pbs.twimg.com/media/E3oz_kcVgAEGLvI.jpg,https://t.co/aRYVY2sIXe
"""1403444622433521669""","""1403444617928798213""",https://pbs.twimg.com/media/E3oJcbmUcAUDHeh.jpg,https://t.co/6yUBEHIHuU
"""1403375320070201344""","""1403375312394543108""",https://pbs.twimg.com/media/E3nKaUXUYAQgyig.jpg,https://t.co/CIdfaBa2rQ
"""1403153599446675459""","""1403153596598738944""",https://pbs.twimg.com/media/E3kAwwqUYAARDkT.jpg,https://t.co/vXckPLGq9U
"""1403006982278156291""","""1403006978771750912""",https://pbs.twimg.com/media/E3h7aesVkAAtOIn.jpg,https://t.co/KnziKKOjV2
"""1402646616184541187""","""1402646613504319491""",https://pbs.twimg.com/media/E3czqddUYAM3Ihx.jpg,https://t.co/N2TIaBE1ha
"""1402620421455769605""","""1402620417966174210""",https://pbs.twimg.com/media/E3cb1reVcAIGGeI.jpg,https://t.co/HijTz5dLaW
"""1402618692102332416""","""1402618688327471109""",https://pbs.twimg.com/media/E3caRAEVUAUsYSl.jpg,https://t.co/TwnmkNKGQr
"""1402364291659927554""","""1402364287184637955""",https://pbs.twimg.com/media/E3Yy459VkAMzXRw.jpg,https://t.co/AHDFEoRr7m
"""1402300908092891145""","""1397711971336740869""",https://pbs.twimg.com/media/E2Wroe3WYAUx0NT.jpg,https://t.co/GDVEvrTFu3
"""1401912022418165760""","""1401912019469541377""",https://pbs.twimg.com/media/E3SXjdbVIAEcgjw.jpg,https://t.co/iVaypworCa
"""1401687421448687617""","""1401687417778671616""",https://pbs.twimg.com/media/E3PLR67VEAAczWc.jpg,https://t.co/DYy1Nyulx0
"""1401668358349606913""","""1401668355577106433""",https://pbs.twimg.com/media/E3O58WsUUAEmjDn.jpg,https://t.co/QNrxrvgVT2
"""1401532573516406792""","""1401532570643304452""",https://pbs.twimg.com/media/E3M-coZVkAQJrpm.jpg,https://t.co/VVIAfHsBQL
"""1401282322574442496""","""1401282318765985792""",https://pbs.twimg.com/media/E3Ja2DgVEAA3GQc.jpg,https://t.co/hKA483BzLm
"""1401172037008171014""","""1401172032247586819""",https://pbs.twimg.com/media/E3H2iiNUYAM3CV0.jpg,https://t.co/t9tI23wVs4
"""1401132693631373312""","""1401132690032652290""",https://pbs.twimg.com/media/E3HSwhCVcAIjPr_.jpg,https://t.co/RFqioNIKYW
"""1401012407367966724""","""1401012402804596738""",https://pbs.twimg.com/media/E3FlW4MVoAISSsv.jpg,https://t.co/749oogTCt8
"""1400713364074946561""","""1400713361587769344""",https://pbs.twimg.com/media/E3BVYY2VEAAX_7i.jpg,https://t.co/tFv9JausF5
"""1400463511172513796""","""1400463507112423425""",https://pbs.twimg.com/media/E29yI8ZVcAEQq-c.jpg,https://t.co/NNidSrAGNB
"""1400117257112494085""","""1400117253329199105""",https://pbs.twimg.com/media/E243OUiVIAEMS0Z.jpg,https://t.co/W6MMZBHvUl
"""1399418004576768000""","""1399417997626806274""",https://pbs.twimg.com/media/E2u7QSDVkAIxxsJ.jpg,https://t.co/kekoV7L8vY
"""1399354429325774859""","""1399354424418471938""",https://pbs.twimg.com/media/E2uBb1ZVkAIDeGG.jpg,https://t.co/yOUnum8RIO
"""1399106925149622274""","""1399106920640774147""",https://pbs.twimg.com/media/E2qgVN-VgAMAkVP.jpg,https://t.co/yrxAUQ828b
"""1399061353399132164""","""1399061351343943680""",https://pbs.twimg.com/media/E2p24vHVcAA3_7p.jpg,https://t.co/whpZZVyAOO
"""1398136809452830722""","""1398136806319685633""",https://pbs.twimg.com/media/E2cuBIgVgAEq7fw.jpg,https://t.co/mvT6wCHcS2
"""1398056439269056513""","""1398056434974162946""",https://pbs.twimg.com/media/E2bk656VgAICe10.jpg,https://t.co/7yCoHgjo4A
"""1398056439269056513""","""1398056434982473743""",https://pbs.twimg.com/media/E2bk658UUA87vNd.jpg,https://t.co/7yCoHgjo4A
"""1398056439269056513""","""1398056434986672130""",https://pbs.twimg.com/media/E2bk659UYAIu626.jpg,https://t.co/7yCoHgjo4A
"""1397931083174268933""","""1397931079181295618""",https://pbs.twimg.com/media/E2Zy6PMUYAI3BW9.jpg,https://t.co/oHhJmq6v62
"""1397673598668607491""","""1397673595334053892""",https://pbs.twimg.com/media/E2WIutHUUAQw_ba.jpg,https://t.co/1g9beU2cbU
"""1397554489108819968""","""1397554483412967433""",https://pbs.twimg.com/media/E2UcZeoVoAk8VP4.jpg,https://t.co/o0ZxGU2EEM
"""1397234575684915201""","""1397234571825991680""",https://pbs.twimg.com/media/E2P5cLGVUAAsuPY.jpg,https://t.co/boZUHQqFj0
"""1397212868282568708""","""1397212865375838208""",https://pbs.twimg.com/media/E2PlssRVIAAmDPG.jpg,https://t.co/hSsCvIJnm0
"""1397212868282568708""","""1397212865380032512""",https://pbs.twimg.com/media/E2PlssSVIAA9uNA.jpg,https://t.co/hSsCvIJnm0
"""1397206783735836682""","""1397206779147083776""",https://pbs.twimg.com/media/E2PgKbTUYAAYpJk.jpg,https://t.co/l7dc3PTHXa
"""1397192499484057615""","""1397192496166301696""",https://pbs.twimg.com/media/E2PTLDDVcAAQq8V.jpg,https://t.co/RBTCxEDSb7
"""1396964136404197378""","""1396964134118248450""",https://pbs.twimg.com/media/E2MDeoIUUAIEphJ.jpg,https://t.co/TlMlS5w3C1
"""1396629854154489858""","""1396617289672314880""",https://pbs.twimg.com/media/E2HIBn4WUAAx2yZ.jpg,https://t.co/WXlxHfBcVi
"""1396629292457463810""","""1396629288498073601""",https://pbs.twimg.com/media/E2HS8C_VkAEmKin.jpg,https://t.co/YMI1Vyjn0A
"""1396214206630744064""","""1396214202608480257""",https://pbs.twimg.com/media/E2BZa3jVcAE6Szj.jpg,https://t.co/dCcbfigCct
"""1396212283810844672""","""1396212279104790532""",https://pbs.twimg.com/media/E2BXq58UYAQU2G_.jpg,https://t.co/UmL73Ro2OP
"""1396186073370267649""","""1396186071122145280""",https://pbs.twimg.com/media/E2A_1ZmVcAAp2il.jpg,https://t.co/nJUEag2R9C
"""1396182321821151235""","""1396182320017674243""",https://pbs.twimg.com/media/E2A8bDpVkAMPwsO.jpg,https://t.co/6uFS1HiqJS
"""1396131893804818436""","""1396131890617221120""",https://pbs.twimg.com/media/E2AOjrfVgAACzxv.jpg,https://t.co/zC2aG7tum3
"""1396131893804818436""","""1396131890617221130""",https://pbs.twimg.com/media/E2AOjrfVgAoYlud.jpg,https://t.co/zC2aG7tum3
"""1396126131594563587""","""1396126127966474246""",https://pbs.twimg.com/media/E2AJUP8VUAYwIwF.jpg,https://t.co/v5vCaEPPJc
"""1396082588872179716""","""1396082584610689026""",https://pbs.twimg.com/media/E1_htsTUUAI0dR3.jpg,https://t.co/mjABfc0CPN
"""1396067855272071169""","""1396067851421712386""",https://pbs.twimg.com/media/E1_UUG5VgAIx-NY.jpg,https://t.co/EXe7SOeiZP
"""1395728749698584587""","""1395728744954822657""",https://pbs.twimg.com/media/E16f5g3VgAEOeFA.jpg,https://t.co/3GfaoKSbuQ
"""1395571290619006979""","""1395571286798000134""",https://pbs.twimg.com/media/E14QsPhUYAYR00g.jpg,https://t.co/c4c1myaRFY
"""1395430500357971968""","""1395430493550616576""",https://pbs.twimg.com/media/E12Qo_zVIAAERTE.jpg,https://t.co/cCaOVZoBFr
"""1395423985907601410""","""1395423982929682433""",https://pbs.twimg.com/media/E12KuB2VoAEgaEu.jpg,https://t.co/7dsNEQI9IP
"""1395375882663972868""","""1395375877890854915""",https://pbs.twimg.com/media/E11e98nVUAMTIns.jpg,https://t.co/KiCWSZGQKt
"""1395226967599841281""","""1395226963023781889""",https://pbs.twimg.com/media/E1zXh9gUYAE0kel.jpg,https://t.co/CtlLfzEnQs
"""1395075595675987969""","""1395075592437964810""",https://pbs.twimg.com/media/E1xN3CIVIAo6Us7.jpg,https://t.co/gzIXcltaHx
"""1395042562382045185""","""1395042558800121862""",https://pbs.twimg.com/media/E1wv0OPVUAYp-qe.jpg,https://t.co/YkAUOi6GR7
"""1395017185844551690""","""1395017182304620546""",https://pbs.twimg.com/media/E1wYvHbVUAIBYES.jpg,https://t.co/745SxRxhoG
"""1394643291891593220""","""1394643287336579080""",https://pbs.twimg.com/media/E1rErkIUcAgVmsx.jpg,https://t.co/dy0Tz01TVX
"""1394373371081543682""","""1394373364299407361""",https://pbs.twimg.com/media/E1nPL-dVIAEwj5Q.jpg,https://t.co/Dqb7XsEann
"""1394316553936535553""","""1394316549624713216""",https://pbs.twimg.com/media/E1mbg7TUUAAPDzJ.jpg,https://t.co/pZxeSFRAQb
"""1394153530848468995""","""1394153527396556807""",https://pbs.twimg.com/media/E1kHPyLUYAcFg9d.jpg,https://t.co/smTVSZljvM
"""1393674482221416450""","""1393674475967639553""",https://pbs.twimg.com/media/E1dTjUiUcAERgaU.jpg,https://t.co/1EWUL4BG3e
"""1393601239519162370""","""1393601236285358083""",https://pbs.twimg.com/media/E1cQ8NdVgAMiuQk.jpg,https://t.co/bIhxpTCwZ2
"""1393347430133866498""","""1393347425352355840""",https://pbs.twimg.com/media/E1YqGeDVEAAkfhe.jpg,https://t.co/LGMUlRFNAI
"""1393347430133866498""","""1393347425364893699""",https://pbs.twimg.com/media/E1YqGeGUYAMZgF9.jpg,https://t.co/LGMUlRFNAI
"""1393275274335166465""","""1393275271676002304""",https://pbs.twimg.com/media/E1XoekqVgAAXu0N.jpg,https://t.co/q18Ools8Er
"""1392865673907367945""","""1392865669859794949""",https://pbs.twimg.com/media/E1Rz8m_UYAUFq3z.jpg,https://t.co/xigytxfw9x
"""1392655662581051394""","""1392655648651759616""",https://pbs.twimg.com/media/E1O07xBUUAAcRBM.jpg,https://t.co/W6Iry4xTA8
"""1392555968076996610""","""1392555965786906624""",https://pbs.twimg.com/media/E1NaRdaUYAAoZZ9.jpg,https://t.co/BRbJXIObwA
"""1392495719638990853""","""1392495716250050567""",https://pbs.twimg.com/media/E1MjeeZWYAcH6Yj.jpg,https://t.co/qUJ8TVAEYU
"""1392495719638990853""","""1392495716124151808""",https://pbs.twimg.com/media/E1Mjed7VUAAUu0e.jpg,https://t.co/qUJ8TVAEYU
"""1392495719638990853""","""1392495716119973890""",https://pbs.twimg.com/media/E1Mjed6VkAIvF-S.jpg,https://t.co/qUJ8TVAEYU
"""1392490259066228744""","""1392490256033714183""",https://pbs.twimg.com/media/E1MegpgVEAcgE7i.jpg,https://t.co/2SDiNykK8T
"""1392478552650485763""","""1392478546879139841""",https://pbs.twimg.com/media/E1MT3FgVUAE8Iw-.jpg,https://t.co/hgf082LZs8
"""1392478552650485763""","""1392478546874888193""",https://pbs.twimg.com/media/E1MT3FfUcAE-un8.jpg,https://t.co/hgf082LZs8
"""1392478552650485763""","""1392478546887467016""",https://pbs.twimg.com/media/E1MT3FiUYAgG6pr.jpg,https://t.co/hgf082LZs8
"""1392434451838246913""","""1392434448835112960""",https://pbs.twimg.com/media/E1LrwPfVcAAs63i.jpg,https://t.co/MqbGqRm1aR
"""1392434451838246913""","""1392434448990310400""",https://pbs.twimg.com/media/E1LrwQEVkAAFF_8.jpg,https://t.co/MqbGqRm1aR
"""1392433633391042569""","""1392433630140452868""",https://pbs.twimg.com/media/E1LrAlnUUAQzBaz.jpg,https://t.co/bpZSu6r8HH
"""1392433633391042569""","""1392433630148919296""",https://pbs.twimg.com/media/E1LrAlpVgAAVGOl.jpg,https://t.co/bpZSu6r8HH
"""1392419021300006915""","""1392419018292617216""",https://pbs.twimg.com/media/E1LduEPUYAAKdBw.jpg,https://t.co/nE4nBj4x6Y
"""1392419021300006915""","""1392419018288500741""",https://pbs.twimg.com/media/E1LduEOVkAU651K.jpg,https://t.co/nE4nBj4x6Y
"""1392413624136716291""","""1392413620621873152""",https://pbs.twimg.com/media/E1LYz4WVEAA60Nt.jpg,https://t.co/6OeojUJIYe
"""1392408166395121670""","""1392408163425472512""",https://pbs.twimg.com/media/E1LT2OtUUAAWfaL.jpg,https://t.co/DIyfpdEJgW
"""1392407594342313992""","""1392407590848532481""",https://pbs.twimg.com/media/E1LTU5sVkAE3pEc.jpg,https://t.co/dEUWqYqjtF
"""1392407594342313992""","""1392407590848499712""",https://pbs.twimg.com/media/E1LTU5sVEAANAI2.jpg,https://t.co/dEUWqYqjtF
"""1392266915683307522""","""1392262621097644034""",https://pbs.twimg.com/media/E1JPejSUUAIbujq.jpg,https://t.co/1zBaZswkU4
"""1392148365824053253""","""1392148363055751168""",https://pbs.twimg.com/media/E1Hnj26UYAALYzA.jpg,https://t.co/YgWkXNktOb
"""1392141717910941696""","""1392141714916143104""",https://pbs.twimg.com/media/E1Hhg4qUcAAwPVW.jpg,https://t.co/tqpqkoX0cC
"""1391931179272577026""","""1391847015651422212""",https://pbs.twimg.com/media/E1DVfIWXMAQ9_Ir.jpg,https://t.co/cYELeV6KM5
"""1391503132505505792""","""1391489218753466377""",https://pbs.twimg.com/media/E0-QEnCWEAkNf4x.jpg,https://t.co/io5j8KYYnK
"""1391474507932598273""","""1391474504262508544""",https://pbs.twimg.com/media/E0-CsHSUYAAPZtv.jpg,https://t.co/2hP74oDVs4
"""1391474507932598273""","""1391474504254169093""",https://pbs.twimg.com/media/E0-CsHQVIAUcuoO.jpg,https://t.co/2hP74oDVs4
"""1391427569233235973""","""1391427565198340098""",https://pbs.twimg.com/media/E09X_5pVcAIyGrz.jpg,https://t.co/aSsPSroHKT
"""1391336366051524613""","""1391336361907548160""",https://pbs.twimg.com/media/E08FDK6VcAAqJ-k.jpg,https://t.co/ca5wsjJVx4
"""1391336366051524613""","""1391336361903357957""",https://pbs.twimg.com/media/E08FDK5VgAUER_Q.jpg,https://t.co/ca5wsjJVx4
"""1391336366051524613""","""1391336361911717889""",https://pbs.twimg.com/media/E08FDK7VEAElh6v.jpg,https://t.co/ca5wsjJVx4
"""1391137567953743874""","""1391137562765369344""",https://pbs.twimg.com/media/E05QPiZVIAArwA4.jpg,https://t.co/uER0O34UbN
"""1390811737524359168""","""1390811734638616577""",https://pbs.twimg.com/media/E00n52CUYAEMl_U.jpg,https://t.co/N9ufvpiNyL
"""1390729858695634947""","""1390729855638020098""",https://pbs.twimg.com/media/E0zdb2_VoAIIASU.jpg,https://t.co/03cCKdeXEP
"""1390626189765611521""","""1390626185449590784""",https://pbs.twimg.com/media/E0x_JdcUUAAcvcW.jpg,https://t.co/iKFzlREW3T
"""1390623702987907074""","""1390623699716370432""",https://pbs.twimg.com/media/E0x84xXVcAAkffN.jpg,https://t.co/blggg7gWfw
"""1390611775666606086""","""1390611771216388097""",https://pbs.twimg.com/media/E0xyCcPUYAEN6C3.jpg,https://t.co/DVtz5AOKss
"""1390599249985892353""","""1390599242582872070""",https://pbs.twimg.com/media/E0xmpLcUUAY6Mz0.jpg,https://t.co/0DPUustRqC
"""1390311359657644033""","""1390311356289585155""",https://pbs.twimg.com/media/E0tgz_bVEAM4CJ4.jpg,https://t.co/g57V05QYBQ
"""1390311359657644033""","""1390311356289613828""",https://pbs.twimg.com/media/E0tgz_bVgAQYMHb.jpg,https://t.co/g57V05QYBQ
"""1390311359657644033""","""1390311356310593536""",https://pbs.twimg.com/media/E0tgz_gVoAA33a3.jpg,https://t.co/g57V05QYBQ
"""1390310052544712706""","""1390310049843617792""",https://pbs.twimg.com/media/E0tfn8iVoAA1USp.jpg,https://t.co/1J3quBKaYg
"""1390310052544712706""","""1390310049843597316""",https://pbs.twimg.com/media/E0tfn8iVUAQmRnM.jpg,https://t.co/1J3quBKaYg
"""1390310052544712706""","""1390310049847791616""",https://pbs.twimg.com/media/E0tfn8jVUAAObBn.jpg,https://t.co/1J3quBKaYg
"""1390306545167048722""","""1390306541924798475""",https://pbs.twimg.com/media/E0tcbwhUUAsTgLK.jpg,https://t.co/C2Sy09qEsF
"""1390306545167048722""","""1390306541933195280""",https://pbs.twimg.com/media/E0tcbwjUcBATMJn.jpg,https://t.co/C2Sy09qEsF
"""1390306545167048722""","""1390306541933252615""",https://pbs.twimg.com/media/E0tcbwjVUAcQwTf.jpg,https://t.co/C2Sy09qEsF
"""1390300299831566340""","""1390300296752947208""",https://pbs.twimg.com/media/E0tWwPcUYAgAh4j.jpg,https://t.co/t7u8NOX8wY
"""1390300299831566340""","""1390300296748822533""",https://pbs.twimg.com/media/E0tWwPbVcAUw12C.jpg,https://t.co/t7u8NOX8wY
"""1390300229375651845""","""1390300226389364737""",https://pbs.twimg.com/media/E0tWsJUVUAEJd9z.jpg,https://t.co/V7nD4ggXxI
"""1390300229375651845""","""1390300226401886215""",https://pbs.twimg.com/media/E0tWsJXUYAcY_Ag.jpg,https://t.co/V7nD4ggXxI
"""1390300106096664576""","""1390300101592055814""",https://pbs.twimg.com/media/E0tWk4aVgAYqLvA.jpg,https://t.co/mSkwo5YHZ4
"""1390300106096664576""","""1390300101621387265""",https://pbs.twimg.com/media/E0tWk4hVEAEi9bD.jpg,https://t.co/mSkwo5YHZ4
"""1390299443828715524""","""1390299439978278914""",https://pbs.twimg.com/media/E0tV-XtUcAI7EqR.jpg,https://t.co/rokrSovlEA
"""1390299443828715524""","""1390299440007630855""",https://pbs.twimg.com/media/E0tV-X0UUAciV_W.jpg,https://t.co/rokrSovlEA
"""1390297108813549575""","""1390297103893630983""",https://pbs.twimg.com/media/E0tT2ZHVkAcgb36.jpg,https://t.co/RhgKVRJnzG
"""1390297108813549575""","""1390297103889408004""",https://pbs.twimg.com/media/E0tT2ZGVIAQv-iA.jpg,https://t.co/RhgKVRJnzG
"""1390297108813549575""","""1390297104027840515""",https://pbs.twimg.com/media/E0tT2ZnVcAMXowx.jpg,https://t.co/RhgKVRJnzG
"""1390133011098718213""","""1390133007839760388""",https://pbs.twimg.com/media/E0q-mvrVkAQai5W.jpg,https://t.co/r5LNWV0BVC
"""1389709607304454144""","""1389709604745928704""",https://pbs.twimg.com/media/E0k9hcPUYAAGf7x.jpg,https://t.co/ipHIm0m5kE
"""1389633464085880832""","""1389633460952735747""",https://pbs.twimg.com/media/E0j4RSgVoAMZ6Pp.jpg,https://t.co/hlMvNJhbs3
"""1388988633458253825""","""1388988627980480512""",https://pbs.twimg.com/media/E0atzEfVcAAzGzl.jpg,https://t.co/VJQwx6Ql8s
"""1388986610532769793""","""1388986599547969537""",https://pbs.twimg.com/media/E0ar8__VoAEFAih.jpg,https://t.co/XjuTejfqdn
"""1388962508917014532""","""1388962503204376576""",https://pbs.twimg.com/media/E0aWCaHVkAAvDqP.jpg,https://t.co/OfoXWbLh6R
"""1388960261407580161""","""1388960256147869699""",https://pbs.twimg.com/media/E0aT_nLUUAMCC0S.jpg,https://t.co/HGIhgDKddb
"""1388947361586499586""","""1388947356863799296""",https://pbs.twimg.com/media/E0aIQxmVoAA3Ah5.jpg,https://t.co/2ufbezftRn
"""1388780895939694593""","""1388780892861079554""",https://pbs.twimg.com/media/E0Xw3S3VoAIQihG.jpg,https://t.co/14jGabq6CW
"""1388471912158822401""","""1388471908211986435""",https://pbs.twimg.com/media/E0TX2BWVkAMTouk.jpg,https://t.co/4hq0gPJlPr
"""1388346095772717060""","""1388346089166704645""",https://pbs.twimg.com/media/E0RlaY4VkAUn-Rv.jpg,https://t.co/x0kJN1PgLP
"""1388155557681319947""","""1388155555185774593""",https://pbs.twimg.com/media/E0O4H2fVUAE3TxJ.jpg,https://t.co/tDAUIQVvsh
"""1388113579639934977""","""1388113574531276806""",https://pbs.twimg.com/media/E0OR8QXVoAYjW9G.jpg,https://t.co/32X9QFyHKY
"""1388000949029859330""","""1388000944676237316""",https://pbs.twimg.com/media/E0MrgVdVcAQrEaM.jpg,https://t.co/DTUe6xG9LA
"""1387994312365932547""","""1387994309316677635""",https://pbs.twimg.com/media/E0MleG0VkAMA4Li.jpg,https://t.co/mxTyl1H2A9
"""1387992304472903681""","""1387992301239107587""",https://pbs.twimg.com/media/E0MjpOJVgAMDycE.jpg,https://t.co/AIJikvrCOj
"""1387781200845053955""","""1387781197204316161""",https://pbs.twimg.com/media/E0JjpWVUYAEKqig.jpg,https://t.co/xBVVu3RK6j
"""1387591880188186625""","""1387591876417441798""",https://pbs.twimg.com/media/E0G3dbcUUAYRfgQ.jpg,https://t.co/9FSTBvf9FJ
"""1387266549430427650""","""1387266545777217545""",https://pbs.twimg.com/media/E0CPksXVkAkpWQ2.jpg,https://t.co/bvCsb9GRDv
"""1387253810309996548""","""1387253807940177924""",https://pbs.twimg.com/media/E0CD_QOVEAQB3Qr.jpg,https://t.co/s7dbTrUuTA
"""1387195536294379522""","""1387195532527890432""",https://pbs.twimg.com/media/E0BO_LZVcAA9WUM.jpg,https://t.co/DioFbDZ6hg
"""1386710212078309376""","""1386710208907419649""",https://pbs.twimg.com/media/Ez6VloBVoAEqD-f.jpg,https://t.co/JlSF86FQJy
"""1386443660405870595""","""1386443657687965698""",https://pbs.twimg.com/media/Ez2jKTWVoAIJ5c-.jpg,https://t.co/R48GsojoEp
"""1386429897447378947""","""1386413523991945218""",https://pbs.twimg.com/media/Ez2HwSlWYAIDmba.jpg,https://t.co/eewZWVIObe
"""1386083451296571394""","""1386083447270117377""",https://pbs.twimg.com/media/EzxbjS-VkAEeWg_.jpg,https://t.co/qkQPM2MJdJ
"""1386083451296571394""","""1386083447278505984""",https://pbs.twimg.com/media/EzxbjTAVkAADRCr.jpg,https://t.co/qkQPM2MJdJ
"""1386065733705027587""","""1386065728864854016""",https://pbs.twimg.com/media/EzxLb8xVIAAiRB0.jpg,https://t.co/Sls39k8mvv
"""1386062807435644932""","""1386062803023187969""",https://pbs.twimg.com/media/EzxIxpKUUAEHvIx.jpg,https://t.co/pyvTSZjUQD
"""1385996816957595651""","""1385996812461363200""",https://pbs.twimg.com/media/EzwMwfKVUAAoISD.jpg,https://t.co/zih7tyhsaN
"""1385994442272763912""","""1385994436450996227""",https://pbs.twimg.com/media/EzwKmL1UUAMjy_M.jpg,https://t.co/ubT4bgD1os
"""1385994442272763912""","""1385994436446851074""",https://pbs.twimg.com/media/EzwKmL0VEAIgemi.jpg,https://t.co/ubT4bgD1os
"""1385864794549325828""","""1385864791755874304""",https://pbs.twimg.com/media/EzuUr3tUYAAzMLs.jpg,https://t.co/WZK20HFtCy
"""1385864794549325828""","""1385864791764332545""",https://pbs.twimg.com/media/EzuUr3vVcAE2h3s.jpg,https://t.co/WZK20HFtCy
"""1385734775940345856""","""1385734772358529031""",https://pbs.twimg.com/media/EzsebvtWQAcKZGj.jpg,https://t.co/kFy0QyiEs9
"""1385612955849400325""","""1385612952686850048""",https://pbs.twimg.com/media/Ezqvo6EUcAAMgfh.jpg,https://t.co/E0l2j4fZaP
"""1385353624461611010""","""1385353622062387200""",https://pbs.twimg.com/media/EznDx4NUUAAqAtY.jpg,https://t.co/0BxdjkiQVi
"""1385352582940348417""","""1385352578809044993""",https://pbs.twimg.com/media/EznC1JyVoAEJuEO.jpg,https://t.co/0rYS9dsjgZ
"""1385014973194141696""","""1385014970576822277""",https://pbs.twimg.com/media/EziPxxHUYAUv6fi.jpg,https://t.co/Pjruuy6Map
"""1384905552380235786""","""1384905547527299072""",https://pbs.twimg.com/media/EzgsQgfVIAAl3Bg.jpg,https://t.co/tlX4SwXyrP
"""1384592978547642370""","""1384592972675641348""",https://pbs.twimg.com/media/EzcP-QbVcAQm4EN.jpg,https://t.co/MtMmYbzFzt
"""1384211567319736321""","""1384211563381362710""",https://pbs.twimg.com/media/EzW1FUFVkBY4Ayj.jpg,https://t.co/U1yq1cZre6
"""1384180120613650448""","""1384180104822067220""",https://pbs.twimg.com/media/EzWYeL0VEBQrY0j.jpg,https://t.co/CUvdsds4sD
"""1383886868673044482""","""1383886864629731330""",https://pbs.twimg.com/media/EzSNxW-VkAIM36I.jpg,https://t.co/6ti9jp5ulx
"""1383713933895225347""","""1383713928144773126""",https://pbs.twimg.com/media/EzPwfIXUYAYHR6p.jpg,https://t.co/8ERffrkh9X
"""1383679370191990789""","""1383679364307439618""",https://pbs.twimg.com/media/EzPRDQCVUAIwMwh.jpg,https://t.co/aSUYdL85Rm
"""1383067247422283785""","""1383067244851122176""",https://pbs.twimg.com/media/EzGkVNXUUAA6FDc.jpg,https://t.co/8NW8TJDFtq
"""1382906559211003904""","""1382906555385798658""",https://pbs.twimg.com/media/EzESL2dUYAIF1K8.jpg,https://t.co/9CfuZsPJqK
"""1382882260009975808""","""1382882256000225283""",https://pbs.twimg.com/media/EzD8FcMVkAM8KW4.jpg,https://t.co/7spP8RqVME
"""1382819096815759362""","""1382819092273319936""",https://pbs.twimg.com/media/EzDCo0-UUAAnfIi.jpg,https://t.co/mr0k25Anbc
"""1382819096815759362""","""1382819092277587971""",https://pbs.twimg.com/media/EzDCo0_VcAMYEJH.jpg,https://t.co/mr0k25Anbc
"""1382819096815759362""","""1382819092290097155""",https://pbs.twimg.com/media/EzDCo1CUUAMDDnx.jpg,https://t.co/mr0k25Anbc
"""1382819096815759362""","""1382819092269133829""",https://pbs.twimg.com/media/EzDCo09UcAUzQ0H.jpg,https://t.co/mr0k25Anbc
"""1382513183768780801""","""1382513179637346305""",https://pbs.twimg.com/media/Ey-saXmUcAEEa5-.jpg,https://t.co/QNx84VrYTE
"""1382352297456377859""","""1382352290586062849""",https://pbs.twimg.com/media/Ey8aFZLUcAEOoQQ.jpg,https://t.co/yrcB4L4E9Q
"""1382340920696135685""","""1382340917428822016""",https://pbs.twimg.com/media/Ey8PvY3VIAA3_0z.jpg,https://t.co/f54hmASdY3
"""1382017811795509250""","""1382017808997904385""",https://pbs.twimg.com/media/Ey3p4AKVcAEyMbY.jpg,https://t.co/kwgDmKX9Bm
"""1381230120648679429""","""1381230116462714890""",https://pbs.twimg.com/media/EysdeQzU4AoofvX.jpg,https://t.co/l9dWkxCRka
"""1380986958541819904""","""1380986955312209921""",https://pbs.twimg.com/media/EypAUa7VIAE-t0e.jpg,https://t.co/x4OKuUJlXw
"""1380890156379430915""","""1380890150893420545""",https://pbs.twimg.com/media/EynoRqXWgAEENq6.jpg,https://t.co/TvwbXK9ije
"""1380890156379430915""","""1380890150834733061""",https://pbs.twimg.com/media/EynoRqJXAAUtQVs.jpg,https://t.co/TvwbXK9ije
"""1380890156379430915""","""1380890150830505986""",https://pbs.twimg.com/media/EynoRqIWgAIe97d.jpg,https://t.co/TvwbXK9ije
"""1380750705581989897""","""1380750700993339399""",https://pbs.twimg.com/media/EylpcnAUYAc12gs.jpg,https://t.co/ObizmLolsu
"""1380746733064364035""","""1380746730065420288""",https://pbs.twimg.com/media/Eyll1eJU4AAE7HF.jpg,https://t.co/kjpgA9UbES
"""1380744843685588995""","""1380744840086908934""",https://pbs.twimg.com/media/EylkHdbVcAYpLVO.jpg,https://t.co/W2rT4RpHHV
"""1380744843685588995""","""1380744840065863682""",https://pbs.twimg.com/media/EylkHdWUUAIXBMc.jpg,https://t.co/W2rT4RpHHV
"""1380556483599855617""","""1380556479925678081""",https://pbs.twimg.com/media/Eyi4zdJVcAEnml8.jpg,https://t.co/3XH7lPrEFa
"""1380100116107776001""","""1380100108973318146""",https://pbs.twimg.com/media/EycZvK3VIAIxrIh.jpg,https://t.co/0XwGgPObAg
"""1380100116107776001""","""1380100108977512448""",https://pbs.twimg.com/media/EycZvK4VIAAF-BB.jpg,https://t.co/0XwGgPObAg
"""1380100116107776001""","""1380100108969156613""",https://pbs.twimg.com/media/EycZvK2VoAUmZDs.jpg,https://t.co/0XwGgPObAg
"""1379844240251842563""","""1379844234170093572""",https://pbs.twimg.com/media/EyYxBS8UUAQDMg6.jpg,https://t.co/jZmjbozZAp
"""1379821703484739585""","""1379821700875874313""",https://pbs.twimg.com/media/EyYchr4U8Akgqom.jpg,https://t.co/5LgG22WPDI
"""1379455763920216070""","""1379455760187367425""",https://pbs.twimg.com/media/EyTPtIlVoAEdHxx.jpg,https://t.co/lQYuR7Jtyu
"""1379100993388900352""","""1379100990679392258""",https://pbs.twimg.com/media/EyONC1LVoAInuMZ.jpg,https://t.co/IoHyISmFyJ
"""1379067852590735368""","""1379067847461101569""",https://pbs.twimg.com/media/EyNu5pEU4AEn95y.jpg,https://t.co/daQAy96wi3
"""1378818679945588737""","""1378818676690853888""",https://pbs.twimg.com/media/EyKMR_nVIAAS4Jt.jpg,https://t.co/8OWRdRkUUX
"""1378804836846563328""","""1378804833075912705""",https://pbs.twimg.com/media/EyJ_sMIU4AERbOW.jpg,https://t.co/4iPSG7nvee
"""1378336456209408001""","""1378336453755772930""",https://pbs.twimg.com/media/EyDVs7MVoAIREY5.jpg,https://t.co/k1W2mtaWem
"""1378333585367728130""","""1378333583081754628""",https://pbs.twimg.com/media/EyDTF1GUUAQOJK7.jpg,https://t.co/yodKA2ZZej
"""1378215469383962627""","""1378215465172959237""",https://pbs.twimg.com/media/EyBnqdmVgAUWb-9.jpg,https://t.co/nvrJvYRVy9
"""1377786385738784770""","""1377786384124022784""",https://pbs.twimg.com/media/Ex7haqIVEAAqGNW.jpg,https://t.co/FXN96Y5CFw
"""1377716624057241600""","""1377716620135571459""",https://pbs.twimg.com/media/Ex6h93BVIAMzSko.jpg,https://t.co/X7YU8P0X5t
"""1377706829824684034""","""1377706827597553666""",https://pbs.twimg.com/media/Ex6ZD2-VIAIks5S.jpg,https://t.co/WpmgHJvowM
"""1377706323500920832""","""1377706320640401408""",https://pbs.twimg.com/media/Ex6YmWaU4AADbEM.jpg,https://t.co/FXpMauCEvs
"""1377529540088524802""","""1377529537190260738""",https://pbs.twimg.com/media/Ex330MvVcAIyKxZ.jpg,https://t.co/fix9hpBYYx
"""1377415289160093699""","""1377415286635196420""",https://pbs.twimg.com/media/Ex2P58QVcAQbYA5.jpg,https://t.co/F5wiIg0y0F
"""1377103830714707978""","""1377103827321516032""",https://pbs.twimg.com/media/Exx0on5UcAAABEx.jpg,https://t.co/zOdEoLER6c
"""1376929381298237440""","""1376929378597097476""",https://pbs.twimg.com/media/ExvV-XwUUAQ5nuN.jpg,https://t.co/K6Pr5hWVCQ
"""1376551136329535492""","""1376551132793724942""",https://pbs.twimg.com/media/Exp99kVU4A4RGG2.jpg,https://t.co/cCV1rorrEe
"""1376520229736521733""","""1376520227706441733""",https://pbs.twimg.com/media/Exph2p6VEAULxVl.jpg,https://t.co/EG8EQDEvgd
"""1375960950939938816""","""1375959113570656264""",https://pbs.twimg.com/media/Exhjhg3XIAgGzVe.jpg,https://t.co/KEZCBdBBZB
"""1375916271045206016""","""1375916265508769797""",https://pbs.twimg.com/media/Exg8jbZVEAUN5XR.jpg,https://t.co/cFJQL3mwHG
"""1375836824438906886""","""1375836820429172745""",https://pbs.twimg.com/media/Exf0THaVcAkkg9e.jpg,https://t.co/G53JzyT0Ns
"""1375674118608089090""","""1375674114380242945""",https://pbs.twimg.com/media/ExdgUYJVoAERMos.jpg,https://t.co/90ctVnszbZ
"""1375476996189253633""","""1375476993790074882""",https://pbs.twimg.com/media/ExatCcuUYAI-JrZ.jpg,https://t.co/JGsdQG6kHm
"""1375473844425617411""","""1375473840915025923""",https://pbs.twimg.com/media/ExaqK7WVEAMRM2i.jpg,https://t.co/fM3hSSKMww
"""1375440425704513537""","""1375440422072315904""",https://pbs.twimg.com/media/ExaLxsdVcAAj3Ga.jpg,https://t.co/Sssc69Hfnr
"""1375149026132193282""","""1375149022302793730""",https://pbs.twimg.com/media/ExWCv_uVcAI5fGW.jpg,https://t.co/CsfzheRKnO
"""1375123253702758403""","""1375123250292817923""",https://pbs.twimg.com/media/ExVrT3gVgAMKbws.jpg,https://t.co/L21ggNm6vE
"""1375073522104426498""","""1375073517998198791""",https://pbs.twimg.com/media/ExU-FERUUAcIppl.jpg,https://t.co/mjSiAAyiwo
"""1374912986117144578""","""1374912981859889152""",https://pbs.twimg.com/media/ExSsEojU8AA3Gj9.jpg,https://t.co/xpIUbMs3tG
"""1374859813247610886""","""1374859809703354368""",https://pbs.twimg.com/media/ExR7tm1UYAAHZO7.jpg,https://t.co/uZb8mafU9v
"""1374410727633522696""","""1374410724139700228""",https://pbs.twimg.com/media/ExLjRYvVkAQJIug.jpg,https://t.co/6Fr1VJwl4I
"""1374407743520473093""","""1374407738244009995""",https://pbs.twimg.com/media/ExLgjlaVEAscDc-.jpg,https://t.co/nPs7RW5sOM
"""1374147113202769929""","""1374126617874817024""",https://pbs.twimg.com/media/ExHg4ObWYAAJrMe.jpg,https://t.co/0XGTB2i0Zr
"""1374059318761254914""","""1374059314512465922""",https://pbs.twimg.com/media/ExGjqp3VEAI9fZF.jpg,https://t.co/AQ9jGta7eo
"""1373701315004534784""","""1373701312294965251""",https://pbs.twimg.com/media/ExBeELrUUAMyCY2.jpg,https://t.co/WVQQMOpAtK
"""1373664664333082624""","""1373664660684111878""",https://pbs.twimg.com/media/ExA8uxyVgAYT1KJ.jpg,https://t.co/qQjDWxxKEG
"""1373450247838466048""","""1373450245032448001""",https://pbs.twimg.com/media/Ew95uJPVEAER4Op.jpg,https://t.co/4nLZkwCnaB
"""1373216844916486150""","""1373216840592154628""",https://pbs.twimg.com/media/Ew6lcN8UYAQ6BrF.jpg,https://t.co/LLYoKOTlhD
"""1373066144135843840""","""1373066140977524736""",https://pbs.twimg.com/media/Ew4cYWIU8AAX8FW.jpg,https://t.co/wmH3LnK3GF
"""1372700345537765376""","""1372700342991740929""",https://pbs.twimg.com/media/EwzPsGcUYAE4KG1.jpg,https://t.co/SPNNJUNzSd
"""1372669428395958272""","""1372669424730181634""",https://pbs.twimg.com/media/Ewyzka8VEAIRPlC.jpg,https://t.co/lQjS3kqxzZ
"""1372554804405309440""","""1372554800211009538""",https://pbs.twimg.com/media/EwxLUZVVoAIsjAl.jpg,https://t.co/FthtJktqVP
"""1372242455832096768""","""1372242454120779776""",https://pbs.twimg.com/media/EwsvPdeUUAArXzc.jpg,https://t.co/3oBgjFPDJa
"""1371612211219623937""","""1371612208807874561""",https://pbs.twimg.com/media/EwjyCWuVEAEzSxg.jpg,https://t.co/idbyFHmexH
"""1371521525241634818""","""1371521520690864128""",https://pbs.twimg.com/media/EwifjnKVIAAublb.jpg,https://t.co/Jwvbb6ia2F
"""1371265734727266309""","""1370874150798123009""",https://pbs.twimg.com/media/EwZSxuYWYAEkmcU.jpg,https://t.co/FS3979FAww
"""1371245927877332993""","""1371245925381730305""",https://pbs.twimg.com/media/Ewek52oUcAEgSmO.jpg,https://t.co/AXtundJyZf
"""1370726931751051267""","""1370726926088740866""",https://pbs.twimg.com/media/EwXM4HmVIAIpLOg.jpg,https://t.co/JLd1emhNyn
"""1370701881144614912""","""1370701874131701761""",https://pbs.twimg.com/media/EwW2F5yVEAEEwkV.jpg,https://t.co/t1URMaEY7H
"""1370604363685621761""","""1370604360749572096""",https://pbs.twimg.com/media/EwVdZ4IUYAA044W.jpg,https://t.co/HLXRuyNkOY
"""1370588104084451331""","""1370588098816475142""",https://pbs.twimg.com/media/EwVOnTtVgAYuE4Z.jpg,https://t.co/zmMJpp40tL
"""1370583239664885764""","""1370583236670222339""",https://pbs.twimg.com/media/EwVKMSzVcAMMG8U.jpg,https://t.co/91RdcGeEtG
"""1370054161081901057""","""1370054156589752322""",https://pbs.twimg.com/media/EwNo_x6UYAImaXb.jpg,https://t.co/abyGn9nbxp
"""1369433373740007427""","""1369433367234633735""",https://pbs.twimg.com/media/EwE0ZFWWYActtO8.jpg,https://t.co/2cojyKsqma
"""1368948752967331843""","""1368948750526210050""",https://pbs.twimg.com/media/Ev97orbUYAIDG3P.jpg,https://t.co/g49gVSX7WI
"""1368795583729655808""","""1368792111819153410""",https://pbs.twimg.com/media/Ev7tLGxWYAIJ4UG.jpg,https://t.co/VwTyII9BoL
"""1368766719091634177""","""1368766711856439301""",https://pbs.twimg.com/media/Ev7WEoiVIAUeV3K.jpg,https://t.co/QkXVxmY0GF
"""1368723475137925120""","""1368723470188646402""",https://pbs.twimg.com/media/Ev6uvoxVkAIZ5wC.jpg,https://t.co/CiaiHHSwzz
"""1367900680883630080""","""1367900677322592259""",https://pbs.twimg.com/media/EvvCayfUUAMNlsA.jpg,https://t.co/6lI8kwbyYz
"""1367872172991995906""","""1367872168336314369""",https://pbs.twimg.com/media/EvuofWPUUAEjNe5.jpg,https://t.co/33sSXeGlCF
"""1367852971371810820""","""1367852967840206852""",https://pbs.twimg.com/media/EvuXBu0UUAQtbh1.jpg,https://t.co/YzBbEnA6fL
"""1367851525066813441""","""1367851521623293960""",https://pbs.twimg.com/media/EvuVtjPVgAg0HLg.jpg,https://t.co/cw4IbbP1Zd
"""1367630858404864000""","""1367604534814642178""",https://pbs.twimg.com/media/Evq1FBrXEAI6dX9.jpg,https://t.co/45MJoA8dhw
"""1367154334996201476""","""1367154330579595269""",https://pbs.twimg.com/media/EvkbnsNVcAU_kmd.jpg,https://t.co/29GCocLsa0
"""1366909115906224136""","""1366909113469337600""",https://pbs.twimg.com/media/Evg8mLSVgAAIYVh.jpg,https://t.co/suGflfJbv8
"""1366847610217062401""","""1366847606689652736""",https://pbs.twimg.com/media/EvgEqArUYAAqYTL.jpg,https://t.co/HXs3H76rVm
"""1366846847986192384""","""1366846843531849731""",https://pbs.twimg.com/media/EvgD9lsUcAM2UA0.jpg,https://t.co/r8BacbJd1H
"""1366846847986192384""","""1366846843544428545""",https://pbs.twimg.com/media/EvgD9lvUYAERfAl.jpg,https://t.co/r8BacbJd1H
"""1366802715070795781""","""1366802710192742403""",https://pbs.twimg.com/media/Evfb0sMUYAM4Kma.jpg,https://t.co/57hbPgDy8R
"""1366796558339952640""","""1366796554800033792""",https://pbs.twimg.com/media/EvfWOZkVcAAWSIi.jpg,https://t.co/OZ7eXzhExJ
"""1366396265181847554""","""1366396261201453059""",https://pbs.twimg.com/media/EvZqKPtVoAMou1B.jpg,https://t.co/j5hGEVrKXw
"""1366387615839100928""","""1366387612370362370""",https://pbs.twimg.com/media/EvZiS0TUYAI40bB.jpg,https://t.co/ojncbx0nbC
